{
	"parent": "item/generated",
	"textures": {
		"layer0": "item/book"
	},
	
	"overrides": [
		{"predicate": {"custom_model_data":12340100}, "model": "item/server/buttons/button_1s0"},
		{"predicate": {"custom_model_data":12340101}, "model": "item/server/buttons/button_1s1"},
		{"predicate": {"custom_model_data":12340102}, "model": "item/server/buttons/button_1w0"},
		{"predicate": {"custom_model_data":12340103}, "model": "item/server/buttons/button_1w1"},
		{"predicate": {"custom_model_data":12340104}, "model": "item/server/buttons/button_1t0"},
		{"predicate": {"custom_model_data":12340105}, "model": "item/server/buttons/button_1t1"}
	]
}

