{
    "parent": "item/generated",
    "textures": {
        "layer0": "item/bow"
    },
    "display": {
        "thirdperson_righthand": {
            "rotation": [ -80, 260, -40 ],
            "translation": [ -1, -2, 2.5 ],
            "scale": [ 0.9, 0.9, 0.9 ]
        },
        "thirdperson_lefthand": {
            "rotation": [ -80, -280, 40 ],
            "translation": [ -1, -2, 2.5 ],
            "scale": [ 0.9, 0.9, 0.9 ]
        },
        "firstperson_righthand": {
            "rotation": [ 0, -90, 25 ],
            "translation": [ 1.13, 3.2, 1.13],
            "scale": [ 0.68, 0.68, 0.68 ]
        },
        "firstperson_lefthand": {
            "rotation": [ 0, 90, -25 ],
            "translation": [ 1.13, 3.2, 1.13],
            "scale": [ 0.68, 0.68, 0.68 ]
        }
    },
    "overrides": [
        
        {"predicate": {"custom_model_data":12340601}, "model": "item/combat/spells/infused/bow/self"},
        {"predicate": {"custom_model_data":12340606}, "model": "item/combat/spells/infused/bow/target"},
        {"predicate": {"custom_model_data":12340611}, "model": "item/combat/spells/infused/bow/self_aoe"},
        {"predicate": {"custom_model_data":12340616}, "model": "item/combat/spells/infused/bow/target_aoe"},

        {"predicate": {"custom_model_data":12340621}, "model": "item/combat/spells/infused/bow/self_2"},
        {"predicate": {"custom_model_data":12340626}, "model": "item/combat/spells/infused/bow/target_2"},
        {"predicate": {"custom_model_data":12340631}, "model": "item/combat/spells/infused/bow/self_aoe_2"},
        {"predicate": {"custom_model_data":12340636}, "model": "item/combat/spells/infused/bow/target_aoe_2"},

        {"predicate": {"custom_model_data":12340641}, "model": "item/combat/spells/infused/bow/curse_self"},
        {"predicate": {"custom_model_data":12340646}, "model": "item/combat/spells/infused/bow/curse_target"},
        {"predicate": {"custom_model_data":12340651}, "model": "item/combat/spells/infused/bow/curse_self_aoe"},
        {"predicate": {"custom_model_data":12340656}, "model": "item/combat/spells/infused/bow/curse_target_aoe"},

        {"predicate": {"custom_model_data":12340661}, "model": "item/combat/spells/infused/bow/curse_self_2"},
        {"predicate": {"custom_model_data":12340666}, "model": "item/combat/spells/infused/bow/curse_target_2"},
        {"predicate": {"custom_model_data":12340671}, "model": "item/combat/spells/infused/bow/curse_self_aoe_2"},
        {"predicate": {"custom_model_data":12340676}, "model": "item/combat/spells/infused/bow/curse_target_aoe_2"},

        {"predicate": {"pulling": 1}, "model": "item/bow_pulling_0"},
        {"predicate": {"pulling": 1, "pull": 0.65}, "model": "item/bow_pulling_1"},
        {"predicate": {"pulling": 1, "pull": 0.9}, "model": "item/bow_pulling_2"}

    ]
}
