{
	"parent": "item/handheld_rod",
	"textures": {
		"layer0": "item/carrot_on_a_stick"
	},
	
	"overrides": [
		{"predicate": {"custom_model_data":12340002}, "model": "item/utility/tools/throwable/wooden_sword"},
		{"predicate": {"custom_model_data":12340003}, "model": "item/utility/tools/throwable/stone_sword"},
		{"predicate": {"custom_model_data":12340004}, "model": "item/utility/tools/throwable/iron_sword"},
		{"predicate": {"custom_model_data":12340005}, "model": "item/utility/tools/throwable/golden_sword"},
		{"predicate": {"custom_model_data":12340006}, "model": "item/utility/tools/throwable/diamond_sword"},
		{"predicate": {"custom_model_data":12340007}, "model": "item/utility/tools/throwable/netherite_sword"},

		{"predicate": {"custom_model_data":12340200}, "model": "item/server/warps/warp_save"},
		{"predicate": {"custom_model_data":12340201}, "model": "item/server/warps/warp"},
		{"predicate": {"custom_model_data":12340202}, "model": "item/server/warps/death_point"},
		{"predicate": {"custom_model_data":12340203}, "model": "item/server/warps/spawn_point"},

		{"predicate": {"custom_model_data":12340300}, "model": "item/combat/trinkets/trinket"},
		{"predicate": {"custom_model_data":12340301}, "model": "item/combat/trinkets/speed_trinket"},
		{"predicate": {"custom_model_data":12340302}, "model": "item/combat/trinkets/fire_res_trinket"},
		{"predicate": {"custom_model_data":12340303}, "model": "item/combat/trinkets/n_vision_trinket"},
		{"predicate": {"custom_model_data":12340304}, "model": "item/combat/trinkets/invis_trinket"},
		{"predicate": {"custom_model_data":12340305}, "model": "item/combat/trinkets/leaping_trinket"},
		{"predicate": {"custom_model_data":12340306}, "model": "item/combat/trinkets/w_breath_trinket"},
		{"predicate": {"custom_model_data":12340307}, "model": "item/combat/trinkets/strength_trinket"},
		{"predicate": {"custom_model_data":12340308}, "model": "item/combat/trinkets/regen_trinket"},
		{"predicate": {"custom_model_data":12340309}, "model": "item/combat/trinkets/slowfall_trinket"},
		{"predicate": {"custom_model_data":12340310}, "model": "item/combat/trinkets/inst_health"},
		{"predicate": {"custom_model_data":12340320}, "model": "item/combat/trinkets/mount_trinket"},

		{"predicate": {"custom_model_data":12340421}, "model": "item/rpg_classes/warrior/rings/base_ring"},

		{"predicate": {"custom_model_data":12340450}, "model": "item/combat/gems/small_sapphire"},
		{"predicate": {"custom_model_data":12340451}, "model": "item/combat/gems/medium_sapphire"},
		{"predicate": {"custom_model_data":12340452}, "model": "item/combat/gems/big_sapphire"},

		{"predicate": {"custom_model_data":12340600}, "model": "item/combat/spells/curse_breaker"}
	]
}

