{
    "parent": "item/generated",
    "textures": {
        "layer0": "item/crossbow_standby"
    },
    "display": {
        "thirdperson_righthand": {
            "rotation": [ -90, 0, -60 ],
            "translation": [ 2, 0.1, -3 ],
            "scale": [ 0.9, 0.9, 0.9 ]
        },
        "thirdperson_lefthand": {
            "rotation": [ -90, 0, 30 ],
            "translation": [ 2, 0.1, -3 ],
            "scale": [ 0.9, 0.9, 0.9 ]
        },
        "firstperson_righthand": {
            "rotation": [ -90, 0, -55 ],
            "translation": [ 1.13, 3.2, 1.13],
            "scale": [ 0.68, 0.68, 0.68 ]
        },
        "firstperson_lefthand": {
            "rotation": [ -90, 0, 35 ],
            "translation": [ 1.13, 3.2, 1.13],
            "scale": [ 0.68, 0.68, 0.68 ]
        }
    },
    "overrides": [

        {"predicate": {"pulling": 1}, "model": "item/crossbow_pulling_0"},
        {"predicate": {"pulling": 1, "pull": 0.58}, "model": "item/crossbow_pulling_1" },
        {"predicate": {"pulling": 1, "pull": 1.0}, "model": "item/crossbow_pulling_2"},
        {"predicate": {"charged": 1}, "model": "item/crossbow_arrow"},
        {"predicate": {"charged": 1, "firework": 1}, "model": "item/crossbow_firework"},

        {"predicate": {"custom_model_data":12340410}, "model": "item/rpg_classes/warrior/sword/warrior_sword"},
        {"predicate": {"custom_model_data":12340420, "charged": 1}, "model": "item/rpg_classes/warrior/sword/warrior_sword"},

        {"predicate": {"custom_model_data":12340601}, "model": "item/combat/spells/infused/crossbow/self"},
        {"predicate": {"custom_model_data":12340606}, "model": "item/combat/spells/infused/crossbow/target"},
        {"predicate": {"custom_model_data":12340611}, "model": "item/combat/spells/infused/crossbow/self_aoe"},
        {"predicate": {"custom_model_data":12340616}, "model": "item/combat/spells/infused/crossbow/target_aoe"},

        {"predicate": {"custom_model_data":12340621}, "model": "item/combat/spells/infused/crossbow/self_2"},
        {"predicate": {"custom_model_data":12340626}, "model": "item/combat/spells/infused/crossbow/target_2"},
        {"predicate": {"custom_model_data":12340631}, "model": "item/combat/spells/infused/crossbow/self_aoe_2"},
        {"predicate": {"custom_model_data":12340636}, "model": "item/combat/spells/infused/crossbow/target_aoe_2"},

        {"predicate": {"custom_model_data":12340641}, "model": "item/combat/spells/infused/crossbow/curse_self"},
        {"predicate": {"custom_model_data":12340646}, "model": "item/combat/spells/infused/crossbow/curse_target"},
        {"predicate": {"custom_model_data":12340651}, "model": "item/combat/spells/infused/crossbow/curse_self_aoe"},
        {"predicate": {"custom_model_data":12340656}, "model": "item/combat/spells/infused/crossbow/curse_target_aoe"},

        {"predicate": {"custom_model_data":12340661}, "model": "item/combat/spells/infused/crossbow/curse_self_2"},
        {"predicate": {"custom_model_data":12340666}, "model": "item/combat/spells/infused/crossbow/curse_target_2"},
        {"predicate": {"custom_model_data":12340671}, "model": "item/combat/spells/infused/crossbow/curse_self_aoe_2"},
        {"predicate": {"custom_model_data":12340676}, "model": "item/combat/spells/infused/crossbow/curse_target_aoe_2"}


    ]
}
