{
	"parent": "item/generated",
	"textures": {
		"layer0": "item/netherite_leggings"
	},
	
	"overrides": [
		{"predicate": {"custom_model_data":12340512}, "model": "item/armory/obsidian/obsidian_leggings"},
		{"predicate": {"custom_model_data":12340522}, "model": "item/combat/warlock/warlock_leggings"},
		{"predicate": {"custom_model_data":12340532}, "model": "item/combat/hunter/hunter_leggings"},
		{"predicate": {"custom_model_data":12340542}, "model": "item/rpg_classes/warrior/armor/warrior_leggings"},
		{"predicate": {"custom_model_data":12340552}, "model": "item/armory/nether_star/nether_star_leggings"}
	]
}

