{
	"parent": "item/generated",
	"textures": {
		"layer0": "item/netherite_helmet"
	},
	
	"overrides": [
		{"predicate": {"custom_model_data":12340510}, "model": "item/armory/obsidian/obsidian_helmet"},
		{"predicate": {"custom_model_data":12340520}, "model": "item/combat/warlock/warlock_helmet"},
		{"predicate": {"custom_model_data":12340530}, "model": "item/combat/hunter/hunter_helmet"},
		{"predicate": {"custom_model_data":12340540}, "model": "item/rpg_classes/warrior/armor/warrior_helmet"},
		{"predicate": {"custom_model_data":12340550}, "model": "item/armory/nether_star/nether_star_helmet"}
	]
}

