{
	"parent": "item/handheld",
	"textures": {
		"layer0": "item/netherite_axe"
	},
	
	"overrides": [
		{"predicate": {"custom_model_data":12340405}, "model": "item/armory/battle_axe/netherite_battle_axe"},
		{"predicate": {"custom_model_data":12340407}, "model": "item/armory/battle_axe/obsidian_battle_axe"},
		{"predicate": {"custom_model_data":12340516}, "model": "item/armory/obsidian/obsidian_axe"},

		{"predicate": {"custom_model_data":12340601}, "model": "item/combat/spells/infused/netherite_axe/self"},
                {"predicate": {"custom_model_data":12340603}, "model": "item/combat/spells/infused/netherite_axe/target"},
                {"predicate": {"custom_model_data":12340611}, "model": "item/combat/spells/infused/netherite_axe/self_aoe"},
                {"predicate": {"custom_model_data":12340613}, "model": "item/combat/spells/infused/netherite_axe/target_aoe"},

                {"predicate": {"custom_model_data":12340621}, "model": "item/combat/spells/infused/netherite_axe/self_2"},
                {"predicate": {"custom_model_data":12340623}, "model": "item/combat/spells/infused/netherite_axe/target_2"},
                {"predicate": {"custom_model_data":12340631}, "model": "item/combat/spells/infused/netherite_axe/self_aoe_2"},
                {"predicate": {"custom_model_data":12340633}, "model": "item/combat/spells/infused/netherite_axe/target_aoe_2"},

                {"predicate": {"custom_model_data":12340641}, "model": "item/combat/spells/infused/netherite_axe/curse_self"},
                {"predicate": {"custom_model_data":12340643}, "model": "item/combat/spells/infused/netherite_axe/curse_target"},
                {"predicate": {"custom_model_data":12340651}, "model": "item/combat/spells/infused/netherite_axe/curse_self_aoe"},
                {"predicate": {"custom_model_data":12340653}, "model": "item/combat/spells/infused/netherite_axe/curse_target_aoe"},

                {"predicate": {"custom_model_data":12340661}, "model": "item/combat/spells/infused/netherite_axe/curse_self_2"},
                {"predicate": {"custom_model_data":12340663}, "model": "item/combat/spells/infused/netherite_axe/curse_target_2"},
                {"predicate": {"custom_model_data":12340671}, "model": "item/combat/spells/infused/netherite_axe/curse_self_aoe_2"},
                {"predicate": {"custom_model_data":12340673}, "model": "item/combat/spells/infused/netherite_axe/curse_target_aoe_2"}
	]
}

