{
	"parent": "item/generated",
	"textures": {
		"layer0": "item/paper"
	},
	
	"overrides": [
		{"predicate": {"custom_model_data":12340000}, "model": "guis/cct_gui"},
		{"predicate": {"custom_model_data":12340001}, "model": "item/crafting/cct"},
		{"predicate": {"custom_model_data":12340520}, "model": "item/combat/warlock/warlock_helmet"},
		{"predicate": {"custom_model_data":12340800}, "model": "guis/spells_altar_gui"},
		{"predicate": {"custom_model_data":12340801}, "model": "item/combat/spells_altar/spells_altar"},
		{"predicate": {"custom_model_data":12340802}, "model": "guis/spells_altar_gui_2"}
	]
}

