{
    "parent": "builtin/entity",
    "gui_light": "front",
    "textures": {
        "particle": "block/dark_oak_planks"
    },
    "display": {
        "thirdperson_righthand": {
            "rotation": [ 0, 90, 0 ],
            "translation": [ 10, 6, -4 ],
            "scale": [ 1, 1, 1 ]
        },
        "thirdperson_lefthand": {
            "rotation": [ 0, 90, 0 ],
            "translation": [ 10, 6, 12 ],
            "scale": [ 1, 1, 1 ]
        },
        "firstperson_righthand": {
            "rotation": [ 0, 180, 5 ],
            "translation": [ -10, 2, -10 ],
            "scale": [ 1.25, 1.25, 1.25 ]
        },
        "firstperson_lefthand": {
            "rotation": [ 0, 180, 5 ],
            "translation": [ 10, 0, -10 ],
            "scale": [ 1.25, 1.25, 1.25 ]
        },
        "gui": {
            "rotation": [ 15, -25, -5 ],
            "translation": [ 2, 3, 0 ],
            "scale": [ 0.65, 0.65, 0.65 ]
        },
        "fixed": {
            "rotation": [ 0, 180, 0 ],
            "translation": [ -2, 4, -5],
            "scale":[ 0.5, 0.5, 0.5]
        },
        "ground": {
            "rotation": [ 0, 0, 0 ],
            "translation": [ 4, 4, 2],
            "scale":[ 0.25, 0.25, 0.25]
        }
    },
    "overrides": [
        {"predicate": {"blocking": 1}, "model": "item/shield_blocking"},
        
        {"predicate": {"custom_model_data":12340407}, "model": "item/combat/hunter/dagger/hunter_dagger"},
        {"predicate": {"blocking": 1,"custom_model_data":12340407}, "model": "item/combat/hunter/dagger/hunter_dagger_1_blocking"},
        {"predicate": {"custom_model_data":12340408}, "model": "item/combat/hunter/dagger/hunter_dagger_2"},
        {"predicate": {"blocking": 1,"custom_model_data":12340408}, "model": "item/combat/hunter/dagger/hunter_dagger_2_blocking"},
        {"predicate": {"custom_model_data":12340409}, "model": "item/combat/hunter/dagger/hunter_dagger_3"},
        {"predicate": {"blocking": 1,"custom_model_data":12340409}, "model": "item/combat/hunter/dagger/hunter_dagger_3_blocking"},

        {"predicate": {"custom_model_data":12340601}, "model": "item/combat/spells/self"},
        {"predicate": {"custom_model_data":12340602}, "model": "item/combat/spells/projectile"},
        {"predicate": {"custom_model_data":12340603}, "model": "item/combat/spells/ray"},
        {"predicate": {"custom_model_data":12340604}, "model": "item/combat/spells/beam"},
        {"predicate": {"custom_model_data":12340605}, "model": "item/combat/spells/homing"},
        {"predicate": {"custom_model_data":12340611}, "model": "item/combat/spells/self_aoe"},
        {"predicate": {"custom_model_data":12340612}, "model": "item/combat/spells/projectile_aoe"},
        {"predicate": {"custom_model_data":12340613}, "model": "item/combat/spells/ray_aoe"},
        {"predicate": {"custom_model_data":12340614}, "model": "item/combat/spells/beam_aoe"},
        {"predicate": {"custom_model_data":12340615}, "model": "item/combat/spells/homing_aoe"},

        {"predicate": {"custom_model_data":12340621}, "model": "item/combat/spells/self_2"},
        {"predicate": {"custom_model_data":12340622}, "model": "item/combat/spells/projectile_2"},
        {"predicate": {"custom_model_data":12340623}, "model": "item/combat/spells/ray_2"},
        {"predicate": {"custom_model_data":12340624}, "model": "item/combat/spells/beam_2"},
        {"predicate": {"custom_model_data":12340625}, "model": "item/combat/spells/homing_2"},
        {"predicate": {"custom_model_data":12340631}, "model": "item/combat/spells/self_aoe_2"},
        {"predicate": {"custom_model_data":12340632}, "model": "item/combat/spells/projectile_aoe_2"},
        {"predicate": {"custom_model_data":12340633}, "model": "item/combat/spells/ray_aoe_2"},
        {"predicate": {"custom_model_data":12340634}, "model": "item/combat/spells/beam_aoe_2"},
        {"predicate": {"custom_model_data":12340635}, "model": "item/combat/spells/homing_aoe_2"},

        {"predicate": {"custom_model_data":12340641}, "model": "item/combat/spells/curse_self"},
        {"predicate": {"custom_model_data":12340642}, "model": "item/combat/spells/curse_projectile"},
        {"predicate": {"custom_model_data":12340643}, "model": "item/combat/spells/curse_ray"},
        {"predicate": {"custom_model_data":12340644}, "model": "item/combat/spells/curse_beam"},
        {"predicate": {"custom_model_data":12340645}, "model": "item/combat/spells/curse_homing"},
        {"predicate": {"custom_model_data":12340651}, "model": "item/combat/spells/curse_self_aoe"},
        {"predicate": {"custom_model_data":12340652}, "model": "item/combat/spells/curse_projectile_aoe"},
        {"predicate": {"custom_model_data":12340653}, "model": "item/combat/spells/curse_ray_aoe"},
        {"predicate": {"custom_model_data":12340654}, "model": "item/combat/spells/curse_beam_aoe"},
        {"predicate": {"custom_model_data":12340655}, "model": "item/combat/spells/curse_homing_aoe"},

        {"predicate": {"custom_model_data":12340661}, "model": "item/combat/spells/curse_self_2"},
        {"predicate": {"custom_model_data":12340662}, "model": "item/combat/spells/curse_projectile_2"},
        {"predicate": {"custom_model_data":12340663}, "model": "item/combat/spells/curse_ray_2"},
        {"predicate": {"custom_model_data":12340664}, "model": "item/combat/spells/curse_beam_2"},
        {"predicate": {"custom_model_data":12340665}, "model": "item/combat/spells/curse_homing_2"},
        {"predicate": {"custom_model_data":12340671}, "model": "item/combat/spells/curse_self_aoe_2"},
        {"predicate": {"custom_model_data":12340672}, "model": "item/combat/spells/curse_projectile_aoe_2"},
        {"predicate": {"custom_model_data":12340673}, "model": "item/combat/spells/curse_ray_aoe_2"},
        {"predicate": {"custom_model_data":12340674}, "model": "item/combat/spells/curse_beam_aoe_2"},
        {"predicate": {"custom_model_data":12340675}, "model": "item/combat/spells/curse_homing_aoe_2"}
    ]
}
