{
  "parent": "minecraft:item/handheld",
  "textures": {
    "layer0": "minecraft:item/stone_sword"
  },	
	"overrides": [
		{"predicate": {"custom_model_data":12340601}, "model": "item/combat/spells/infused/stone_sword/self"},
        {"predicate": {"custom_model_data":12340603}, "model": "item/combat/spells/infused/stone_sword/target"},
        {"predicate": {"custom_model_data":12340611}, "model": "item/combat/spells/infused/stone_sword/self_aoe"},
        {"predicate": {"custom_model_data":12340613}, "model": "item/combat/spells/infused/stone_sword/target_aoe"},

        {"predicate": {"custom_model_data":12340621}, "model": "item/combat/spells/infused/stone_sword/self_2"},
        {"predicate": {"custom_model_data":12340623}, "model": "item/combat/spells/infused/stone_sword/target_2"},
        {"predicate": {"custom_model_data":12340631}, "model": "item/combat/spells/infused/stone_sword/self_aoe_2"},
        {"predicate": {"custom_model_data":12340633}, "model": "item/combat/spells/infused/stone_sword/target_aoe_2"},

        {"predicate": {"custom_model_data":12340641}, "model": "item/combat/spells/infused/stone_sword/curse_self"},
        {"predicate": {"custom_model_data":12340643}, "model": "item/combat/spells/infused/stone_sword/curse_target"},
        {"predicate": {"custom_model_data":12340651}, "model": "item/combat/spells/infused/stone_sword/curse_self_aoe"},
        {"predicate": {"custom_model_data":12340653}, "model": "item/combat/spells/infused/stone_sword/curse_target_aoe"},

        {"predicate": {"custom_model_data":12340661}, "model": "item/combat/spells/infused/stone_sword/curse_self_2"},
        {"predicate": {"custom_model_data":12340663}, "model": "item/combat/spells/infused/stone_sword/curse_target_2"},
        {"predicate": {"custom_model_data":12340671}, "model": "item/combat/spells/infused/stone_sword/curse_self_aoe_2"},
        {"predicate": {"custom_model_data":12340673}, "model": "item/combat/spells/infused/stone_sword/curse_target_aoe_2"}
	]
}