{
	"credit": "Made with Blockbench",
	"elements": [
		{
			"from": [3, 5, 3],
			"to": [10, 6, 13],
			"color": 2,
			"faces": {
				"north": {"uv": [0, 0, 7, 1], "texture": "#missing"},
				"east": {"uv": [0, 0, 10, 1], "texture": "#missing"},
				"south": {"uv": [0, 0, 7, 1], "texture": "#missing"},
				"west": {"uv": [0, 0, 10, 1], "texture": "#missing"},
				"up": {"uv": [0, 0, 7, 10], "texture": "#missing"},
				"down": {"uv": [0, 0, 7, 10], "texture": "#missing"}
			}
		}
	],
	"gui_light": "front",
	"display": {
		"thirdperson_righthand": {
			"rotation": [0, -90, 55],
			"translation": [0, 8.5, 0.5],
			"scale": [1.38, 1.38, 0.85]
		},
		"thirdperson_lefthand": {
			"rotation": [0, 90, -55],
			"translation": [0, 8.5, 0.5],
			"scale": [1.38, 1.38, 0.85]
		},
		"firstperson_righthand": {
			"rotation": [0, -90, 25],
			"translation": [3.88, 4.5, 1.13],
			"scale": [1.38, 1.38, 0.6]
		},
		"firstperson_lefthand": {
			"rotation": [0, 90, -25],
			"translation": [3.13, 4.5, 1.13],
			"scale": [1.38, 1.38, 0.6]
		},
		"ground": {
			"translation": [0, 4, 0]
		},
		"gui": {
			"translation": [3.125, 3.125, 0],
			"scale": [1.38, 1.38, 0.89]
		},
		"fixed": {
			"translation": [3, 3, -0.25],
			"scale": [1.38, 1.38, 1]
		}
	}
}