{
	"credit": "Made with Blockbench",
	"parent": "item/handheld",
	"textures": {
		"layer0": "item/combat/hunter/hunter_dagger"
	},
	"display": {
		"thirdperson_righthand": {
			"rotation": [-180, 90, 55],
			"translation": [0, 5, 1.25],
			"scale": [0.85, 0.85, 0.85]
		},
		"thirdperson_lefthand": {
			"rotation": [-180, -90, -55],
			"translation": [0, 5, 1.25],
			"scale": [0.85, 0.85, 0.85]
		},
		"firstperson_righthand": {
			"rotation": [-9, 90, -136],
			"translation": [1.13, 3.2, 1.13],
			"scale": [0.68, 0.68, 0.68]
		},
		"firstperson_lefthand": {
			"rotation": [-9, -90, 136],
			"translation": [1.13, 3.2, 1.13],
			"scale": [0.68, 0.68, 0.68]
		},
		"gui": {
			"translation": [0.5, 1.5, 0]
		}
	}
}