{
	"credit": "Made with Blockbench",
	"parent": "item/handheld",
	"textures": {
		"layer0": "item/combat/hunter/hunter_dagger"
	},
	"display": {
		"gui": {
			"translation": [0.5, 1.5, 0]
		},
		"head": {
			"rotation": [-90, -90, 45],
			"translation": [0, -44, -2],
			"scale": [2, 2, 2]
		},
		"thirdperson_lefthand": {
			"rotation": [-180, -90, -55],
			"translation": [0, -6.5, 0.5],
			"scale": [0.85, 0.85, 0.85]
		},
		"firstperson_lefthand": {
			"rotation": [0, -90, -180],
			"translation": [1.13, -2.25, 7],
			"scale": [0.68, 0.68, 0.68]
		}
	}
}