{
	"credit": "Made with Blockbench",
	"texture_size": [32, 32],
	"textures": {
		"0": "item/combat/spells_altar/spells_altar",
		"particle": "item/combat/spells_altar/spells_altar"
	},
	"elements": [
		{
			"from": [0, 0, 0],
			"to": [16, 16, 16],
			"faces": {
				"north": {"uv": [0, 0, 8, 8], "texture": "#0"},
				"east": {"uv": [0, 8, 8, 16], "texture": "#0"},
				"south": {"uv": [0, 0, 8, 8], "texture": "#0"},
				"west": {"uv": [0, 8, 8, 16], "texture": "#0"},
				"up": {"uv": [8, 0, 16, 8], "texture": "#0"},
				"down": {"uv": [8, 8, 16, 16], "texture": "#0"}
			}
		},
		{
			"from": [3, 16, 3],
			"to": [13, 16.35, 4],
			"faces": {
				"north": {"uv": [9.5, 1.5, 14.5, 2], "texture": "#0"},
				"east": {"uv": [9.5, 1.5, 14.5, 2], "texture": "#0"},
				"south": {"uv": [9.5, 1.5, 14.5, 2], "texture": "#0"},
				"west": {"uv": [9.5, 1.5, 14.5, 2], "texture": "#0"},
				"up": {"uv": [9.5, 1.5, 14.5, 2], "texture": "#0"},
				"down": {"uv": [9.5, 1.5, 14.5, 2], "texture": "#0"}
			}
		},
		{
			"from": [3, 16, 6],
			"to": [13, 16.35, 7],
			"faces": {
				"north": {"uv": [9.5, 1.5, 14.5, 2], "texture": "#0"},
				"east": {"uv": [9.5, 1.5, 14.5, 2], "texture": "#0"},
				"south": {"uv": [9.5, 1.5, 14.5, 2], "texture": "#0"},
				"west": {"uv": [9.5, 1.5, 14.5, 2], "texture": "#0"},
				"up": {"uv": [9.5, 1.5, 14.5, 2], "texture": "#0"},
				"down": {"uv": [9.5, 1.5, 14.5, 2], "texture": "#0"}
			}
		},
		{
			"from": [3, 16, 9],
			"to": [13, 16.35, 10],
			"faces": {
				"north": {"uv": [9.5, 1.5, 14.5, 2], "texture": "#0"},
				"east": {"uv": [9.5, 1.5, 14.5, 2], "texture": "#0"},
				"south": {"uv": [9.5, 1.5, 14.5, 2], "texture": "#0"},
				"west": {"uv": [9.5, 1.5, 14.5, 2], "texture": "#0"},
				"up": {"uv": [9.5, 1.5, 14.5, 2], "texture": "#0"},
				"down": {"uv": [9.5, 1.5, 14.5, 2], "texture": "#0"}
			}
		},
		{
			"from": [3, 16, 12],
			"to": [13, 16.35, 13],
			"faces": {
				"north": {"uv": [9.5, 1.5, 14.5, 2], "texture": "#0"},
				"east": {"uv": [9.5, 1.5, 14.5, 2], "texture": "#0"},
				"south": {"uv": [9.5, 1.5, 14.5, 2], "texture": "#0"},
				"west": {"uv": [9.5, 1.5, 14.5, 2], "texture": "#0"},
				"up": {"uv": [9.5, 1.5, 14.5, 2], "texture": "#0"},
				"down": {"uv": [9.5, 1.5, 14.5, 2], "texture": "#0"}
			}
		},
		{
			"from": [9, 16, 3],
			"to": [10, 16.5, 13],
			"rotation": {"angle": 0, "axis": "y", "origin": [8, 16.5, 8]},
			"faces": {
				"north": {"uv": [9.5, 1.5, 14.5, 2], "texture": "#0"},
				"east": {"uv": [9.5, 1.5, 14.5, 2], "texture": "#0"},
				"south": {"uv": [9.5, 1.5, 14.5, 2], "texture": "#0"},
				"west": {"uv": [9.5, 1.5, 14.5, 2], "texture": "#0"},
				"up": {"uv": [9.5, 1.5, 14.5, 2], "rotation": 270, "texture": "#0"},
				"down": {"uv": [9.5, 1.5, 14.5, 2], "rotation": 90, "texture": "#0"}
			}
		},
		{
			"from": [6, 16, 3],
			"to": [7, 16.5, 13],
			"rotation": {"angle": 0, "axis": "y", "origin": [8, 16.5, 8]},
			"faces": {
				"north": {"uv": [9.5, 1.5, 14.5, 2], "texture": "#0"},
				"east": {"uv": [9.5, 1.5, 14.5, 2], "texture": "#0"},
				"south": {"uv": [9.5, 1.5, 14.5, 2], "texture": "#0"},
				"west": {"uv": [9.5, 1.5, 14.5, 2], "texture": "#0"},
				"up": {"uv": [9.5, 1.5, 14.5, 2], "rotation": 270, "texture": "#0"},
				"down": {"uv": [9.5, 1.5, 14.5, 2], "rotation": 90, "texture": "#0"}
			}
		},
		{
			"from": [3, 16, 3],
			"to": [4, 16.5, 13],
			"rotation": {"angle": 0, "axis": "y", "origin": [8, 16.5, 8]},
			"faces": {
				"north": {"uv": [9.5, 1.5, 14.5, 2], "texture": "#0"},
				"east": {"uv": [9.5, 1.5, 14.5, 2], "texture": "#0"},
				"south": {"uv": [9.5, 1.5, 14.5, 2], "texture": "#0"},
				"west": {"uv": [9.5, 1.5, 14.5, 2], "texture": "#0"},
				"up": {"uv": [9.5, 1.5, 14.5, 2], "rotation": 270, "texture": "#0"},
				"down": {"uv": [9.5, 1.5, 14.5, 2], "rotation": 90, "texture": "#0"}
			}
		},
		{
			"from": [12, 16, 3],
			"to": [13, 16.5, 13],
			"rotation": {"angle": 0, "axis": "y", "origin": [8, 16.5, 8]},
			"faces": {
				"north": {"uv": [9.5, 1.5, 14.5, 2], "texture": "#0"},
				"east": {"uv": [9.5, 1.5, 14.5, 2], "texture": "#0"},
				"south": {"uv": [9.5, 1.5, 14.5, 2], "texture": "#0"},
				"west": {"uv": [9.5, 1.5, 14.5, 2], "texture": "#0"},
				"up": {"uv": [9.5, 1.5, 14.5, 2], "rotation": 270, "texture": "#0"},
				"down": {"uv": [9.5, 1.5, 14.5, 2], "rotation": 90, "texture": "#0"}
			}
		},
		{
			"from": [-0.15, 12.6, -0.15],
			"to": [1.5, 13, 1.5],
			"faces": {
				"north": {"uv": [4.5, 9, 5.325, 9.2], "texture": "#0"},
				"east": {"uv": [6, 10, 6.825, 10.2], "texture": "#0"},
				"south": {"uv": [5.5, 8.5, 6.325, 8.7], "texture": "#0"},
				"west": {"uv": [4.5, 9.5, 5.325, 9.7], "texture": "#0"},
				"up": {"uv": [5, 11, 5.825, 11.2], "texture": "#0"},
				"down": {"uv": [5, 9.5, 5.825, 9.7], "texture": "#0"}
			}
		},
		{
			"from": [-0.25, 13, -0.25],
			"to": [1.5, 14, 1.5],
			"faces": {
				"north": {"uv": [4.5, 9, 5.375, 9.5], "texture": "#0"},
				"east": {"uv": [6, 10, 6.875, 10.5], "texture": "#0"},
				"south": {"uv": [5.5, 8.5, 6.375, 9], "texture": "#0"},
				"west": {"uv": [4.5, 9.5, 5.375, 10], "texture": "#0"},
				"up": {"uv": [5, 11, 5.875, 11.5], "texture": "#0"},
				"down": {"uv": [5, 9.5, 5.875, 10], "texture": "#0"}
			}
		},
		{
			"from": [-0.5, 14, -0.5],
			"to": [1.5, 17, 1.5],
			"faces": {
				"north": {"uv": [4.5, 9, 5.5, 10.5], "texture": "#0"},
				"east": {"uv": [6, 10, 7, 11.5], "texture": "#0"},
				"south": {"uv": [5.5, 8.5, 6.5, 10], "texture": "#0"},
				"west": {"uv": [4.5, 9.5, 5.5, 11], "texture": "#0"},
				"up": {"uv": [5, 11, 6, 12.5], "texture": "#0"},
				"down": {"uv": [5, 9.5, 6, 11], "texture": "#0"}
			}
		},
		{
			"from": [-0.1, 16.8, -0.1],
			"to": [1.65, 17.8, 1.65],
			"faces": {
				"north": {"uv": [4.5, 9, 5.375, 9.5], "texture": "#0"},
				"east": {"uv": [6, 10, 6.875, 10.5], "texture": "#0"},
				"south": {"uv": [5.5, 8.5, 6.375, 9], "texture": "#0"},
				"west": {"uv": [4.5, 9.5, 5.375, 10], "texture": "#0"},
				"up": {"uv": [5, 11, 5.875, 11.5], "texture": "#0"},
				"down": {"uv": [5, 9.5, 5.875, 10], "texture": "#0"}
			}
		},
		{
			"from": [0.3, 17.5, 0.35],
			"to": [1.8, 18.5, 1.85],
			"faces": {
				"north": {"uv": [4.5, 9, 5.25, 9.5], "texture": "#0"},
				"east": {"uv": [6, 10, 6.75, 10.5], "texture": "#0"},
				"south": {"uv": [5.5, 8.5, 6.25, 9], "texture": "#0"},
				"west": {"uv": [4.5, 9.5, 5.25, 10], "texture": "#0"},
				"up": {"uv": [5, 11, 5.75, 11.5], "texture": "#0"},
				"down": {"uv": [5, 9.5, 5.75, 10], "texture": "#0"}
			}
		},
		{
			"from": [0.5, 18, 0.65],
			"to": [2, 19, 2.15],
			"faces": {
				"north": {"uv": [4.5, 9, 5.25, 9.5], "texture": "#0"},
				"east": {"uv": [6, 10, 6.75, 10.5], "texture": "#0"},
				"south": {"uv": [5.5, 8.5, 6.25, 9], "texture": "#0"},
				"west": {"uv": [4.5, 9.5, 5.25, 10], "texture": "#0"},
				"up": {"uv": [5, 11, 5.75, 11.5], "texture": "#0"},
				"down": {"uv": [5, 9.5, 5.75, 10], "texture": "#0"}
			}
		},
		{
			"from": [0.75, 18.8, 1],
			"to": [2.25, 19.5, 2.5],
			"faces": {
				"north": {"uv": [4.5, 9, 5.25, 9.35], "texture": "#0"},
				"east": {"uv": [6, 10, 6.75, 10.35], "texture": "#0"},
				"south": {"uv": [5.5, 8.5, 6.25, 8.85], "texture": "#0"},
				"west": {"uv": [4.5, 9.5, 5.25, 9.85], "texture": "#0"},
				"up": {"uv": [5, 11, 5.75, 11.35], "texture": "#0"},
				"down": {"uv": [5, 9.5, 5.75, 9.85], "texture": "#0"}
			}
		},
		{
			"from": [0.95, 19, 1.3],
			"to": [2.35, 19.6, 2.6],
			"faces": {
				"north": {"uv": [4.5, 9, 5.15, 9.3], "texture": "#0"},
				"east": {"uv": [6, 10, 6.65, 10.3], "texture": "#0"},
				"south": {"uv": [5.5, 8.5, 6.15, 8.8], "texture": "#0"},
				"west": {"uv": [4.5, 9.5, 5.15, 9.8], "texture": "#0"},
				"up": {"uv": [5, 11, 5.65, 11.3], "texture": "#0"},
				"down": {"uv": [5, 9.5, 5.65, 9.8], "texture": "#0"}
			}
		},
		{
			"from": [1.15, 19.2, 1.6],
			"to": [2.45, 19.5, 2.7],
			"faces": {
				"north": {"uv": [4.5, 9, 5.05, 9.15], "texture": "#0"},
				"east": {"uv": [6, 10, 6.55, 10.15], "texture": "#0"},
				"south": {"uv": [5.5, 8.5, 6.05, 8.65], "texture": "#0"},
				"west": {"uv": [4.5, 9.5, 5.05, 9.65], "texture": "#0"},
				"up": {"uv": [5, 11, 5.55, 11.15], "texture": "#0"},
				"down": {"uv": [5, 9.5, 5.55, 9.65], "texture": "#0"}
			}
		},
		{
			"from": [1.25, 19.6, 1.5],
			"to": [2.25, 19.8, 2.5],
			"faces": {
				"north": {"uv": [4.5, 9, 5, 9.1], "texture": "#0"},
				"east": {"uv": [6, 10, 6.5, 10.1], "texture": "#0"},
				"south": {"uv": [5.5, 8.5, 6, 8.6], "texture": "#0"},
				"west": {"uv": [4.5, 9.5, 5, 9.6], "texture": "#0"},
				"up": {"uv": [5, 11, 5.5, 11.1], "texture": "#0"},
				"down": {"uv": [5, 9.5, 5.5, 9.6], "texture": "#0"}
			}
		},
		{
			"from": [1.45, 19.8, 1.8],
			"to": [2.05, 20, 2.4],
			"faces": {
				"north": {"uv": [4.5, 9, 4.8, 9.1], "texture": "#0"},
				"east": {"uv": [6, 10, 6.3, 10.1], "texture": "#0"},
				"south": {"uv": [5.5, 8.5, 5.8, 8.6], "texture": "#0"},
				"west": {"uv": [4.5, 9.5, 4.8, 9.6], "texture": "#0"},
				"up": {"uv": [5, 11, 5.3, 11.1], "texture": "#0"},
				"down": {"uv": [5, 9.5, 5.3, 9.6], "texture": "#0"}
			}
		},
		{
			"from": [14.5, 12.6, -0.15],
			"to": [16.15, 13, 1.5],
			"faces": {
				"north": {"uv": [4.5, 10.5, 5.325, 10.7], "texture": "#0"},
				"east": {"uv": [6, 9, 6.825, 9.2], "texture": "#0"},
				"south": {"uv": [4.5, 9, 5.325, 9.2], "texture": "#0"},
				"west": {"uv": [4.5, 9.5, 5.325, 9.7], "texture": "#0"},
				"up": {"uv": [5.5, 9, 6.325, 9.2], "texture": "#0"},
				"down": {"uv": [4, 10, 4.825, 10.2], "texture": "#0"}
			}
		},
		{
			"from": [14.5, 13, -0.25],
			"to": [16.25, 14, 1.5],
			"faces": {
				"north": {"uv": [4.5, 10.5, 5.375, 11], "texture": "#0"},
				"east": {"uv": [6, 9, 6.875, 9.5], "texture": "#0"},
				"south": {"uv": [4.5, 9, 5.375, 9.5], "texture": "#0"},
				"west": {"uv": [4.5, 9.5, 5.375, 10], "texture": "#0"},
				"up": {"uv": [5.5, 9, 6.375, 9.5], "texture": "#0"},
				"down": {"uv": [4, 10, 4.875, 10.5], "texture": "#0"}
			}
		},
		{
			"from": [14.5, 14, -0.5],
			"to": [16.5, 17, 1.5],
			"faces": {
				"north": {"uv": [4.5, 10.5, 5.5, 12], "texture": "#0"},
				"east": {"uv": [6, 9, 7, 10.5], "texture": "#0"},
				"south": {"uv": [4.5, 9, 5.5, 10.5], "texture": "#0"},
				"west": {"uv": [4.5, 9.5, 5.5, 11], "texture": "#0"},
				"up": {"uv": [5.5, 9, 6.5, 10.5], "texture": "#0"},
				"down": {"uv": [4, 10, 5, 11.5], "texture": "#0"}
			}
		},
		{
			"from": [14.35, 16.8, -0.1],
			"to": [16.1, 17.8, 1.65],
			"faces": {
				"north": {"uv": [4.5, 10.5, 5.375, 11], "texture": "#0"},
				"east": {"uv": [6, 9, 6.875, 9.5], "texture": "#0"},
				"south": {"uv": [4.5, 9, 5.375, 9.5], "texture": "#0"},
				"west": {"uv": [4.5, 9.5, 5.375, 10], "texture": "#0"},
				"up": {"uv": [5.5, 9, 6.375, 9.5], "texture": "#0"},
				"down": {"uv": [4, 10, 4.875, 10.5], "texture": "#0"}
			}
		},
		{
			"from": [14.15, 17.5, 0.3],
			"to": [15.65, 18.5, 1.8],
			"faces": {
				"north": {"uv": [4.5, 10.5, 5.25, 11], "texture": "#0"},
				"east": {"uv": [6, 9, 6.75, 9.5], "texture": "#0"},
				"south": {"uv": [4.5, 9, 5.25, 9.5], "texture": "#0"},
				"west": {"uv": [4.5, 9.5, 5.25, 10], "texture": "#0"},
				"up": {"uv": [5.5, 9, 6.25, 9.5], "texture": "#0"},
				"down": {"uv": [4, 10, 4.75, 10.5], "texture": "#0"}
			}
		},
		{
			"from": [13.85, 18, 0.5],
			"to": [15.35, 19, 2],
			"faces": {
				"north": {"uv": [4.5, 10.5, 5.25, 11], "texture": "#0"},
				"east": {"uv": [6, 9, 6.75, 9.5], "texture": "#0"},
				"south": {"uv": [4.5, 9, 5.25, 9.5], "texture": "#0"},
				"west": {"uv": [4.5, 9.5, 5.25, 10], "texture": "#0"},
				"up": {"uv": [5.5, 9, 6.25, 9.5], "texture": "#0"},
				"down": {"uv": [4, 10, 4.75, 10.5], "texture": "#0"}
			}
		},
		{
			"from": [13.5, 18.8, 0.75],
			"to": [15, 19.5, 2.25],
			"faces": {
				"north": {"uv": [4.5, 10.5, 5.25, 10.85], "texture": "#0"},
				"east": {"uv": [6, 9, 6.75, 9.35], "texture": "#0"},
				"south": {"uv": [4.5, 9, 5.25, 9.35], "texture": "#0"},
				"west": {"uv": [4.5, 9.5, 5.25, 9.85], "texture": "#0"},
				"up": {"uv": [5.5, 9, 6.25, 9.35], "texture": "#0"},
				"down": {"uv": [4, 10, 4.75, 10.35], "texture": "#0"}
			}
		},
		{
			"from": [13.4, 19, 0.95],
			"to": [14.7, 19.6, 2.35],
			"faces": {
				"north": {"uv": [4.5, 10.5, 5.2, 10.8], "texture": "#0"},
				"east": {"uv": [6, 9, 6.7, 9.3], "texture": "#0"},
				"south": {"uv": [4.5, 9, 5.2, 9.3], "texture": "#0"},
				"west": {"uv": [4.5, 9.5, 5.2, 9.8], "texture": "#0"},
				"up": {"uv": [5.5, 9, 6.2, 9.3], "texture": "#0"},
				"down": {"uv": [4, 10, 4.7, 10.3], "texture": "#0"}
			}
		},
		{
			"from": [13.3, 19.2, 1.15],
			"to": [14.4, 19.5, 2.45],
			"faces": {
				"north": {"uv": [4.5, 10.5, 5.15, 10.65], "texture": "#0"},
				"east": {"uv": [6, 9, 6.65, 9.15], "texture": "#0"},
				"south": {"uv": [4.5, 9, 5.15, 9.15], "texture": "#0"},
				"west": {"uv": [4.5, 9.5, 5.15, 9.65], "texture": "#0"},
				"up": {"uv": [5.5, 9, 6.15, 9.15], "texture": "#0"},
				"down": {"uv": [4, 10, 4.65, 10.15], "texture": "#0"}
			}
		},
		{
			"from": [13.5, 19.6, 1.25],
			"to": [14.5, 19.8, 2.25],
			"faces": {
				"north": {"uv": [4.5, 10.5, 5, 10.6], "texture": "#0"},
				"east": {"uv": [6, 9, 6.5, 9.1], "texture": "#0"},
				"south": {"uv": [4.5, 9, 5, 9.1], "texture": "#0"},
				"west": {"uv": [4.5, 9.5, 5, 9.6], "texture": "#0"},
				"up": {"uv": [5.5, 9, 6, 9.1], "texture": "#0"},
				"down": {"uv": [4, 10, 4.5, 10.1], "texture": "#0"}
			}
		},
		{
			"from": [13.6, 19.8, 1.45],
			"to": [14.2, 20, 2.05],
			"faces": {
				"north": {"uv": [4.5, 10.5, 4.8, 10.6], "texture": "#0"},
				"east": {"uv": [6, 9, 6.3, 9.1], "texture": "#0"},
				"south": {"uv": [4.5, 9, 4.8, 9.1], "texture": "#0"},
				"west": {"uv": [4.5, 9.5, 4.8, 9.6], "texture": "#0"},
				"up": {"uv": [5.5, 9, 5.8, 9.1], "texture": "#0"},
				"down": {"uv": [4, 10, 4.3, 10.1], "texture": "#0"}
			}
		},
		{
			"from": [14.5, 12.6, 14.5],
			"to": [16.15, 13, 16.15],
			"faces": {
				"north": {"uv": [3.5, 2.5, 4.325, 2.7], "texture": "#0"},
				"east": {"uv": [3.5, 2, 4.325, 2.2], "texture": "#0"},
				"south": {"uv": [3.5, 1, 4.325, 1.2], "texture": "#0"},
				"west": {"uv": [4, 1, 4.825, 1.2], "texture": "#0"},
				"up": {"uv": [4.5, 1, 5.325, 1.2], "texture": "#0"},
				"down": {"uv": [4.5, 2, 5.325, 2.2], "texture": "#0"}
			}
		},
		{
			"from": [14.5, 13, 14.5],
			"to": [16.25, 14, 16.25],
			"faces": {
				"north": {"uv": [3.5, 2.5, 4.375, 3], "texture": "#0"},
				"east": {"uv": [3.5, 2, 4.375, 2.5], "texture": "#0"},
				"south": {"uv": [3.5, 1, 4.375, 1.5], "texture": "#0"},
				"west": {"uv": [4, 1, 4.875, 1.5], "texture": "#0"},
				"up": {"uv": [4.5, 1, 5.375, 1.5], "texture": "#0"},
				"down": {"uv": [4.5, 2, 5.375, 2.5], "texture": "#0"}
			}
		},
		{
			"from": [14.5, 14, 14.5],
			"to": [16.5, 17, 16.5],
			"faces": {
				"north": {"uv": [3.5, 2.5, 4.5, 4], "texture": "#0"},
				"east": {"uv": [3.5, 2, 4.5, 3.5], "texture": "#0"},
				"south": {"uv": [3.5, 1, 4.5, 2.5], "texture": "#0"},
				"west": {"uv": [4, 1, 5, 2.5], "texture": "#0"},
				"up": {"uv": [4.5, 1, 5.5, 2.5], "texture": "#0"},
				"down": {"uv": [4.5, 2, 5.5, 3.5], "texture": "#0"}
			}
		},
		{
			"from": [14.35, 16.8, 14.35],
			"to": [16.1, 17.8, 16.1],
			"faces": {
				"north": {"uv": [3.5, 2.5, 4.375, 3], "texture": "#0"},
				"east": {"uv": [3.5, 2, 4.375, 2.5], "texture": "#0"},
				"south": {"uv": [3.5, 1, 4.375, 1.5], "texture": "#0"},
				"west": {"uv": [4, 1, 4.875, 1.5], "texture": "#0"},
				"up": {"uv": [4.5, 1, 5.375, 1.5], "texture": "#0"},
				"down": {"uv": [4.5, 2, 5.375, 2.5], "texture": "#0"}
			}
		},
		{
			"from": [14.2, 17.5, 14.15],
			"to": [15.7, 18.5, 15.65],
			"faces": {
				"north": {"uv": [3.5, 2.5, 4.25, 3], "texture": "#0"},
				"east": {"uv": [3.5, 2, 4.25, 2.5], "texture": "#0"},
				"south": {"uv": [3.5, 1, 4.25, 1.5], "texture": "#0"},
				"west": {"uv": [4, 1, 4.75, 1.5], "texture": "#0"},
				"up": {"uv": [4.5, 1, 5.25, 1.5], "texture": "#0"},
				"down": {"uv": [4.5, 2, 5.25, 2.5], "texture": "#0"}
			}
		},
		{
			"from": [14, 18, 13.85],
			"to": [15.5, 19, 15.35],
			"faces": {
				"north": {"uv": [3.5, 2.5, 4.25, 3], "texture": "#0"},
				"east": {"uv": [3.5, 2, 4.25, 2.5], "texture": "#0"},
				"south": {"uv": [3.5, 1, 4.25, 1.5], "texture": "#0"},
				"west": {"uv": [4, 1, 4.75, 1.5], "texture": "#0"},
				"up": {"uv": [4.5, 1, 5.25, 1.5], "texture": "#0"},
				"down": {"uv": [4.5, 2, 5.25, 2.5], "texture": "#0"}
			}
		},
		{
			"from": [13.75, 18.8, 13.5],
			"to": [15.25, 19.5, 15],
			"faces": {
				"north": {"uv": [3.5, 2.5, 4.25, 2.85], "texture": "#0"},
				"east": {"uv": [3.5, 2, 4.25, 2.35], "texture": "#0"},
				"south": {"uv": [3.5, 1, 4.25, 1.35], "texture": "#0"},
				"west": {"uv": [4, 1, 4.75, 1.35], "texture": "#0"},
				"up": {"uv": [4.5, 1, 5.25, 1.35], "texture": "#0"},
				"down": {"uv": [4.5, 2, 5.25, 2.35], "texture": "#0"}
			}
		},
		{
			"from": [13.65, 19, 13.4],
			"to": [15.05, 19.6, 14.7],
			"faces": {
				"north": {"uv": [3.5, 2.5, 4.2, 2.8], "texture": "#0"},
				"east": {"uv": [3.5, 2, 4.2, 2.3], "texture": "#0"},
				"south": {"uv": [3.5, 1, 4.2, 1.3], "texture": "#0"},
				"west": {"uv": [4, 1, 4.7, 1.3], "texture": "#0"},
				"up": {"uv": [4.5, 1, 5.2, 1.3], "texture": "#0"},
				"down": {"uv": [4.5, 2, 5.2, 2.3], "texture": "#0"}
			}
		},
		{
			"from": [13.55, 19.2, 13.3],
			"to": [14.85, 19.5, 14.4],
			"faces": {
				"north": {"uv": [3.5, 2.5, 4.15, 2.65], "texture": "#0"},
				"east": {"uv": [3.5, 2, 4.15, 2.15], "texture": "#0"},
				"south": {"uv": [3.5, 1, 4.15, 1.15], "texture": "#0"},
				"west": {"uv": [4, 1, 4.65, 1.15], "texture": "#0"},
				"up": {"uv": [4.5, 1, 5.15, 1.15], "texture": "#0"},
				"down": {"uv": [4.5, 2, 5.15, 2.15], "texture": "#0"}
			}
		},
		{
			"from": [13.75, 19.6, 13.5],
			"to": [14.75, 19.8, 14.5],
			"faces": {
				"north": {"uv": [3.5, 2.5, 4, 2.6], "texture": "#0"},
				"east": {"uv": [3.5, 2, 4, 2.1], "texture": "#0"},
				"south": {"uv": [3.5, 1, 4, 1.1], "texture": "#0"},
				"west": {"uv": [4, 1, 4.5, 1.1], "texture": "#0"},
				"up": {"uv": [4.5, 1, 5, 1.1], "texture": "#0"},
				"down": {"uv": [4.5, 2, 5, 2.1], "texture": "#0"}
			}
		},
		{
			"from": [13.95, 19.8, 13.6],
			"to": [14.55, 20, 14.2],
			"faces": {
				"north": {"uv": [3.5, 2.5, 3.8, 2.6], "texture": "#0"},
				"east": {"uv": [3.5, 2, 3.8, 2.1], "texture": "#0"},
				"south": {"uv": [3.5, 1, 3.8, 1.1], "texture": "#0"},
				"west": {"uv": [4, 1, 4.3, 1.1], "texture": "#0"},
				"up": {"uv": [4.5, 1, 4.8, 1.1], "texture": "#0"},
				"down": {"uv": [4.5, 2, 4.8, 2.1], "texture": "#0"}
			}
		},
		{
			"from": [-0.15, 12.6, 14.5],
			"to": [1.5, 13, 16.15],
			"faces": {
				"north": {"uv": [4, 1, 4.825, 1.2], "texture": "#0"},
				"east": {"uv": [5, 2, 5.825, 2.2], "texture": "#0"},
				"south": {"uv": [4, 2.5, 4.825, 2.7], "texture": "#0"},
				"west": {"uv": [2, 2, 2.825, 2.2], "texture": "#0"},
				"up": {"uv": [2, 4.5, 2.825, 4.7], "texture": "#0"},
				"down": {"uv": [5, 8, 5.825, 8.2], "texture": "#0"}
			}
		},
		{
			"from": [-0.25, 13, 14.5],
			"to": [1.5, 14, 16.25],
			"faces": {
				"north": {"uv": [4, 1, 4.875, 1.5], "texture": "#0"},
				"east": {"uv": [5, 2, 5.875, 2.5], "texture": "#0"},
				"south": {"uv": [4, 2.5, 4.875, 3], "texture": "#0"},
				"west": {"uv": [2, 2, 2.875, 2.5], "texture": "#0"},
				"up": {"uv": [2, 4.5, 2.875, 5], "texture": "#0"},
				"down": {"uv": [5, 8, 5.875, 8.5], "texture": "#0"}
			}
		},
		{
			"from": [-0.5, 14, 14.5],
			"to": [1.5, 17, 16.5],
			"faces": {
				"north": {"uv": [4, 1, 5, 2.5], "texture": "#0"},
				"east": {"uv": [5, 2, 6, 3.5], "texture": "#0"},
				"south": {"uv": [4, 2.5, 5, 4], "texture": "#0"},
				"west": {"uv": [2, 2, 3, 3.5], "texture": "#0"},
				"up": {"uv": [2, 4.5, 3, 6], "texture": "#0"},
				"down": {"uv": [5, 8, 6, 9.5], "texture": "#0"}
			}
		},
		{
			"from": [-0.1, 16.8, 14.35],
			"to": [1.65, 17.8, 16.1],
			"faces": {
				"north": {"uv": [4, 1, 4.875, 1.5], "texture": "#0"},
				"east": {"uv": [5, 2, 5.875, 2.5], "texture": "#0"},
				"south": {"uv": [4, 2.5, 4.875, 3], "texture": "#0"},
				"west": {"uv": [2, 2, 2.875, 2.5], "texture": "#0"},
				"up": {"uv": [2, 4.5, 2.875, 5], "texture": "#0"},
				"down": {"uv": [5, 8, 5.875, 8.5], "texture": "#0"}
			}
		},
		{
			"from": [0.35, 17.5, 14.2],
			"to": [1.85, 18.5, 15.7],
			"faces": {
				"north": {"uv": [4, 1, 4.75, 1.5], "texture": "#0"},
				"east": {"uv": [5, 2, 5.75, 2.5], "texture": "#0"},
				"south": {"uv": [4, 2.5, 4.75, 3], "texture": "#0"},
				"west": {"uv": [2, 2, 2.75, 2.5], "texture": "#0"},
				"up": {"uv": [2, 4.5, 2.75, 5], "texture": "#0"},
				"down": {"uv": [5, 8, 5.75, 8.5], "texture": "#0"}
			}
		},
		{
			"from": [0.65, 18, 14],
			"to": [2.15, 19, 15.5],
			"faces": {
				"north": {"uv": [4, 1, 4.75, 1.5], "texture": "#0"},
				"east": {"uv": [5, 2, 5.75, 2.5], "texture": "#0"},
				"south": {"uv": [4, 2.5, 4.75, 3], "texture": "#0"},
				"west": {"uv": [2, 2, 2.75, 2.5], "texture": "#0"},
				"up": {"uv": [2, 4.5, 2.75, 5], "texture": "#0"},
				"down": {"uv": [5, 8, 5.75, 8.5], "texture": "#0"}
			}
		},
		{
			"from": [1, 18.8, 13.75],
			"to": [2.5, 19.5, 15.25],
			"faces": {
				"north": {"uv": [4, 1, 4.75, 1.35], "texture": "#0"},
				"east": {"uv": [5, 2, 5.75, 2.35], "texture": "#0"},
				"south": {"uv": [4, 2.5, 4.75, 2.85], "texture": "#0"},
				"west": {"uv": [2, 2, 2.75, 2.35], "texture": "#0"},
				"up": {"uv": [2, 4.5, 2.75, 4.85], "texture": "#0"},
				"down": {"uv": [5, 8, 5.75, 8.35], "texture": "#0"}
			}
		},
		{
			"from": [1.3, 19, 13.65],
			"to": [2.6, 19.6, 15.05],
			"faces": {
				"north": {"uv": [4, 1, 4.7, 1.3], "texture": "#0"},
				"east": {"uv": [5, 2, 5.7, 2.3], "texture": "#0"},
				"south": {"uv": [4, 2.5, 4.7, 2.8], "texture": "#0"},
				"west": {"uv": [2, 2, 2.7, 2.3], "texture": "#0"},
				"up": {"uv": [2, 4.5, 2.7, 4.8], "texture": "#0"},
				"down": {"uv": [5, 8, 5.7, 8.3], "texture": "#0"}
			}
		},
		{
			"from": [1.6, 19.2, 13.55],
			"to": [2.7, 19.5, 14.85],
			"faces": {
				"north": {"uv": [4, 1, 4.65, 1.15], "texture": "#0"},
				"east": {"uv": [5, 2, 5.65, 2.15], "texture": "#0"},
				"south": {"uv": [4, 2.5, 4.65, 2.65], "texture": "#0"},
				"west": {"uv": [2, 2, 2.65, 2.15], "texture": "#0"},
				"up": {"uv": [2, 4.5, 2.65, 4.65], "texture": "#0"},
				"down": {"uv": [5, 8, 5.65, 8.15], "texture": "#0"}
			}
		},
		{
			"from": [1.5, 19.6, 13.75],
			"to": [2.5, 19.8, 14.75],
			"faces": {
				"north": {"uv": [4, 1, 4.5, 1.1], "texture": "#0"},
				"east": {"uv": [5, 2, 5.5, 2.1], "texture": "#0"},
				"south": {"uv": [4, 2.5, 4.5, 2.6], "texture": "#0"},
				"west": {"uv": [2, 2, 2.5, 2.1], "texture": "#0"},
				"up": {"uv": [2, 4.5, 2.5, 4.6], "texture": "#0"},
				"down": {"uv": [5, 8, 5.5, 8.1], "texture": "#0"}
			}
		},
		{
			"from": [1.8, 19.8, 13.95],
			"to": [2.4, 20, 14.55],
			"faces": {
				"north": {"uv": [4, 1, 4.3, 1.1], "texture": "#0"},
				"east": {"uv": [5, 2, 5.3, 2.1], "texture": "#0"},
				"south": {"uv": [4, 2.5, 4.3, 2.6], "texture": "#0"},
				"west": {"uv": [2, 2, 2.3, 2.1], "texture": "#0"},
				"up": {"uv": [2, 4.5, 2.3, 4.6], "texture": "#0"},
				"down": {"uv": [5, 8, 5.3, 8.1], "texture": "#0"}
			}
		}
	],
	"display": {
		"thirdperson_righthand": {
			"rotation": [75, 45, 0],
			"translation": [0, 2.5, 0],
			"scale": [0.375, 0.375, 0.375]
		},
		"thirdperson_lefthand": {
			"rotation": [75, 45, 0],
			"translation": [0, 2.5, 0],
			"scale": [0.375, 0.375, 0.375]
		},
		"firstperson_righthand": {
			"rotation": [0, 45, 0],
			"scale": [0.4, 0.4, 0.4]
		},
		"firstperson_lefthand": {
			"rotation": [0, 225, 0],
			"scale": [0.4, 0.4, 0.4]
		},
		"ground": {
			"translation": [0, 3, 0],
			"scale": [0.25, 0.25, 0.25]
		},
		"gui": {
			"rotation": [30, 225, 0],
			"scale": [0.625, 0.625, 0.625]
		},
		"head": {
			"translation": [0, -30.4, 0],
			"scale": [1.62, 1.62, 1.62]
		},
		"fixed": {
			"scale": [0.5, 0.5, 0.5]
		}
	},
	"groups": [
		0,
		{
			"name": "group",
			"origin": [8, 8, 8],
			"color": 0,
			"children": [1, 2, 3, 4, 5, 6, 7, 8]
		},
		{
			"name": "group",
			"origin": [0, 0, 0],
			"color": 0,
			"children": [9, 10, 11, 12, 13, 14, 15, 16, 17, 18, 19]
		},
		{
			"name": "group",
			"origin": [0, 0, 0],
			"color": 0,
			"children": [20, 21, 22, 23, 24, 25, 26, 27, 28, 29, 30]
		},
		{
			"name": "group",
			"origin": [0, 0, 0],
			"color": 0,
			"children": [31, 32, 33, 34, 35, 36, 37, 38, 39, 40, 41]
		},
		{
			"name": "group",
			"origin": [0, 0, 0],
			"color": 0,
			"children": [42, 43, 44, 45, 46, 47, 48, 49, 50, 51, 52]
		}
	]
}