{
	"parent": "item/generated",
	"textures": {
		"layer0": "item/combat/spells/flame_2",
		"layer1": "item/combat/spells/projectile",
		"layer2": "item/combat/spells/curse_2"
	},
	"display": {
		"thirdperson_righthand": {
			"rotation": [67.5, 0, 0],
			"translation": [0, 3.25, 0.5],
			"scale": [0.8, 0.8, 0.8]
		},
		"thirdperson_lefthand": {
			"rotation": [67.5, 0, 0],
			"translation": [0, 3.25, 0.5],
			"scale": [-0.8, 0.8, 0.8]
		},
		"firstperson_righthand": {
			"translation": [0, 4.5, 0],
			"scale": [0.6, 0.6, 0.4]
		},
		"firstperson_lefthand": {
			"rotation": [0, 180, 0],
			"translation": [0, 4.5, 0],
			"scale": [0.6, 0.6, 0.4]
		}
	}
}