{
    "providers": [
        {
            "type": "bitmap",
            "file": "minecraft:custom/font/mu.png",
            "ascent": 9,
            "height": 54,
            "chars": ["\uE000"]
        },
        

        {
            "type": "bitmap",
            "file": "minecraft:custom/font/numbers/0.png",
            "ascent": 43,
            "height": 105,
            "chars": ["\uE020"]
        },
        {
            "type": "bitmap",
            "file": "minecraft:custom/font/numbers/1.png",
            "ascent": 43,
            "height": 105,
            "chars": ["\uE021"]
        },
        {
            "type": "bitmap",
            "file": "minecraft:custom/font/numbers/2.png",
            "ascent": 43,
            "height": 105,
            "chars": ["\uE022"]
        },
        {
            "type": "bitmap",
            "file": "minecraft:custom/font/numbers/3.png",
            "ascent": 43,
            "height": 105,
            "chars": ["\uE023"]
        },
        {
            "type": "bitmap",
            "file": "minecraft:custom/font/numbers/4.png",
            "ascent": 43,
            "height": 105,
            "chars": ["\uE024"]
        },
        {
            "type": "bitmap",
            "file": "minecraft:custom/font/numbers/5.png",
            "ascent": 43,
            "height": 105,
            "chars": ["\uE025"]
        },
        {
            "type": "bitmap",
            "file": "minecraft:custom/font/numbers/6.png",
            "ascent": 43,
            "height": 105,
            "chars": ["\uE026"]
        },
        {
            "type": "bitmap",
            "file": "minecraft:custom/font/numbers/7.png",
            "ascent": 43,
            "height": 105,
            "chars": ["\uE027"]
        },
        {
            "type": "bitmap",
            "file": "minecraft:custom/font/numbers/8.png",
            "ascent": 43,
            "height": 105,
            "chars": ["\uE028"]
        },
        {
            "type": "bitmap",
            "file": "minecraft:custom/font/numbers/9.png",
            "ascent": 43,
            "height": 105,
            "chars": ["\uE029"]
        },

        {
            "type": "bitmap",
            "file": "minecraft:custom/font/numbers/0.png",
            "ascent": 53,
            "height": 105,
            "chars": ["\uE030"]
        },
        {
            "type": "bitmap",
            "file": "minecraft:custom/font/numbers/1.png",
            "ascent": 53,
            "height": 105,
            "chars": ["\uE031"]
        },
        {
            "type": "bitmap",
            "file": "minecraft:custom/font/numbers/2.png",
            "ascent": 53,
            "height": 105,
            "chars": ["\uE032"]
        },
        {
            "type": "bitmap",
            "file": "minecraft:custom/font/numbers/3.png",
            "ascent": 53,
            "height": 105,
            "chars": ["\uE033"]
        },
        {
            "type": "bitmap",
            "file": "minecraft:custom/font/numbers/4.png",
            "ascent": 53,
            "height": 105,
            "chars": ["\uE034"]
        },
        {
            "type": "bitmap",
            "file": "minecraft:custom/font/numbers/5.png",
            "ascent": 53,
            "height": 105,
            "chars": ["\uE035"]
        },
        {
            "type": "bitmap",
            "file": "minecraft:custom/font/numbers/6.png",
            "ascent": 53,
            "height": 105,
            "chars": ["\uE036"]
        },
        {
            "type": "bitmap",
            "file": "minecraft:custom/font/numbers/7.png",
            "ascent": 53,
            "height": 105,
            "chars": ["\uE037"]
        },
        {
            "type": "bitmap",
            "file": "minecraft:custom/font/numbers/8.png",
            "ascent": 53,
            "height": 105,
            "chars": ["\uE038"]
        },
        {
            "type": "bitmap",
            "file": "minecraft:custom/font/numbers/9.png",
            "ascent": 53,
            "height": 105,
            "chars": ["\uE039"]
        },

        {
            "type": "bitmap",
            "file": "minecraft:custom/font/numbers/0.png",
            "ascent": 63,
            "height": 105,
            "chars": ["\uE040"]
        },
        {
            "type": "bitmap",
            "file": "minecraft:custom/font/numbers/1.png",
            "ascent": 63,
            "height": 105,
            "chars": ["\uE041"]
        },
        {
            "type": "bitmap",
            "file": "minecraft:custom/font/numbers/2.png",
            "ascent": 63,
            "height": 105,
            "chars": ["\uE042"]
        },
        {
            "type": "bitmap",
            "file": "minecraft:custom/font/numbers/3.png",
            "ascent": 63,
            "height": 105,
            "chars": ["\uE043"]
        },
        {
            "type": "bitmap",
            "file": "minecraft:custom/font/numbers/4.png",
            "ascent": 63,
            "height": 105,
            "chars": ["\uE044"]
        },
        {
            "type": "bitmap",
            "file": "minecraft:custom/font/numbers/5.png",
            "ascent": 63,
            "height": 105,
            "chars": ["\uE045"]
        },
        {
            "type": "bitmap",
            "file": "minecraft:custom/font/numbers/6.png",
            "ascent": 63,
            "height": 105,
            "chars": ["\uE046"]
        },
        {
            "type": "bitmap",
            "file": "minecraft:custom/font/numbers/7.png",
            "ascent": 63,
            "height": 105,
            "chars": ["\uE047"]
        },
        {
            "type": "bitmap",
            "file": "minecraft:custom/font/numbers/8.png",
            "ascent": 63,
            "height": 105,
            "chars": ["\uE048"]
        },
        {
            "type": "bitmap",
            "file": "minecraft:custom/font/numbers/9.png",
            "ascent": 63,
            "height": 105,
            "chars": ["\uE049"]
        },

        {
            "type": "bitmap",
            "file": "minecraft:custom/font/chars/energy.png",
            "ascent": 42,
            "height": 105,
            "chars": ["\uE02A"]
        },
        {
            "type": "bitmap",
            "file": "minecraft:custom/font/chars/mind_prot.png",
            "ascent": 62,
            "height": 105,
            "chars": ["\uE02B"]
        },
        {
            "type": "bitmap",
            "file": "minecraft:custom/font/chars/energy_armor.png",
            "ascent": 52,
            "height": 105,
            "chars": ["\uE02C"]
        },
        {
            "type": "bitmap",
            "file": "minecraft:custom/font/chars/energy_as.png",
            "ascent": 42,
            "height": 105,
            "chars": ["\uE02D"]
        },


        {
            "type": "bitmap",
            "file": "minecraft:custom/font/bar/0.png",
            "ascent": 72,
            "height": 105,
            "chars": ["\uE050"]
        },
        {
            "type": "bitmap",
            "file": "minecraft:custom/font/bar/1.png",
            "ascent": 72,
            "height": 105,
            "chars": ["\uE051"]
        },
        {
            "type": "bitmap",
            "file": "minecraft:custom/font/bar/2.png",
            "ascent": 72,
            "height": 105,
            "chars": ["\uE052"]
        },
        {
            "type": "bitmap",
            "file": "minecraft:custom/font/bar/3.png",
            "ascent": 72,
            "height": 105,
            "chars": ["\uE053"]
        },
        {
            "type": "bitmap",
            "file": "minecraft:custom/font/bar/4.png",
            "ascent": 72,
            "height": 105,
            "chars": ["\uE054"]
        },
        {
            "type": "bitmap",
            "file": "minecraft:custom/font/bar/5.png",
            "ascent": 72,
            "height": 105,
            "chars": ["\uE055"]
        },
        {
            "type": "bitmap",
            "file": "minecraft:custom/font/bar/6.png",
            "ascent": 72,
            "height": 105,
            "chars": ["\uE056"]
        },
        {
            "type": "bitmap",
            "file": "minecraft:custom/font/bar/7.png",
            "ascent": 72,
            "height": 105,
            "chars": ["\uE057"]
        },
        {
            "type": "bitmap",
            "file": "minecraft:custom/font/bar/8.png",
            "ascent": 72,
            "height": 105,
            "chars": ["\uE058"]
        },
        {
            "type": "bitmap",
            "file": "minecraft:custom/font/bar/9.png",
            "ascent": 72,
            "height": 105,
            "chars": ["\uE059"]
        },
        {
            "type": "bitmap",
            "file": "minecraft:custom/font/bar/10.png",
            "ascent": 72,
            "height": 105,
            "chars": ["\uE05A"]
        },
        {
            "type": "bitmap",
            "file": "minecraft:custom/font/bar/11.png",
            "ascent": 72,
            "height": 105,
            "chars": ["\uE05B"]
        },
        {
            "type": "bitmap",
            "file": "minecraft:custom/font/bar/12.png",
            "ascent": 72,
            "height": 105,
            "chars": ["\uE05C"]
        },
        {
            "type": "bitmap",
            "file": "minecraft:custom/font/bar/13.png",
            "ascent": 72,
            "height": 105,
            "chars": ["\uE05D"]
        },
        {
            "type": "bitmap",
            "file": "minecraft:custom/font/bar/14.png",
            "ascent": 72,
            "height": 105,
            "chars": ["\uE05E"]
        },
        {
            "type": "bitmap",
            "file": "minecraft:custom/font/bar/15.png",
            "ascent": 72,
            "height": 105,
            "chars": ["\uE05F"]
        },
        {
            "type": "bitmap",
            "file": "minecraft:custom/font/bar/16.png",
            "ascent": 72,
            "height": 105,
            "chars": ["\uE060"]
        },
        {
            "type": "bitmap",
            "file": "minecraft:custom/font/bar/17.png",
            "ascent": 72,
            "height": 105,
            "chars": ["\uE061"]
        },
        {
            "type": "bitmap",
            "file": "minecraft:custom/font/bar/18.png",
            "ascent": 72,
            "height": 105,
            "chars": ["\uE062"]
        },
        {
            "type": "bitmap",
            "file": "minecraft:custom/font/bar/19.png",
            "ascent": 72,
            "height": 105,
            "chars": ["\uE063"]
        },
        {
            "type": "bitmap",
            "file": "minecraft:custom/font/bar/20.png",
            "ascent": 72,
            "height": 105,
            "chars": ["\uE064"]
        },
        {
            "type": "bitmap",
            "file": "minecraft:custom/font/bar/21.png",
            "ascent": 72,
            "height": 105,
            "chars": ["\uE065"]
        },
        {
            "type": "bitmap",
            "file": "minecraft:custom/font/bar/22.png",
            "ascent": 72,
            "height": 105,
            "chars": ["\uE066"]
        },
        {
            "type": "bitmap",
            "file": "minecraft:custom/font/bar/23.png",
            "ascent": 72,
            "height": 105,
            "chars": ["\uE067"]
        },
        {
            "type": "bitmap",
            "file": "minecraft:custom/font/short_bar/empty.png",
            "ascent": 63,
            "height": 105,
            "chars": ["\uE070"]
        },
        {
            "type": "bitmap",
            "file": "minecraft:custom/font/short_bar/full.png",
            "ascent": 63,
            "height": 105,
            "chars": ["\uE071"]
        },


        
        {
            "type": "ttf",
            "file": "minecraft:negative_spaces.ttf",
            "shift": [0.0, 0.0],
            "size": 10.0,
            "oversample": 1.0
        }
    ]
}