{
  "providers":[
    {
      "type": "bitmap",
      "file": "minecraft:custom/poggers.png",
      "ascent": 9,
      "height": 9,
      "chars": ["poggers"]
    },
    {
      "type": "bitmap",
      "file": "minecraft:custom/peepoHappy.png",
      "ascent": 9,
      "height": 9,
      "chars": ["peepoHappy"]
    },
    {
      "type": "bitmap",
      "file": "minecraft:custom/monkaW.png",
      "ascent": 9,
      "height": 9,
      "chars": ["monkaW"]
    },
    {
      "type": "bitmap",
      "file": "minecraft:custom/3Head.png",
      "ascent": 9,
      "height": 9,
      "chars": ["3Head"]
    },
    {
      "type": "bitmap",
      "file": "minecraft:custom/heart.png",
      "ascent": 9,
      "height": 9,
      "chars": ["heart"]
    },
    {
      "type": "bitmap",
      "file": "minecraft:custom/KEKW.png",
      "ascent": 9,
      "height": 9,
      "chars": ["KEKW"]
    },
    {
      "type": "bitmap",
      "file": "minecraft:custom/Sadge.png",
      "ascent": 9,
      "height": 9,
      "chars": ["Sadge"]
    },
    {
      "type": "bitmap",
      "file": "minecraft:custom/OMEGALUL.png",
      "ascent": 9,
      "height": 9,
      "chars": ["OMEGALUL"]
    },
    {
      "type": "bitmap",
      "file": "minecraft:custom/monkaS.png",
      "ascent": 9,
      "height": 9,
      "chars": ["monkaS"]
    },
    {
      "type": "bitmap",
      "file": "minecraft:custom/PepeHands.png",
      "ascent": 9,
      "height": 9,
      "chars": ["PepeHands"]
    },
	{
      "type": "bitmap",
      "file": "minecraft:custom/catJAM.gif",
      "ascent": 9,
      "height": 9,
      "chars": ["catJAM"]
    }
  ]
}