{
	"credit": "Made with Blockbench",
	"texture_size": [32, 32],
	"textures": {
		"0": "custom/texture",
		"1": "custom/texture1",
		"particle": "custom/texture"
	},
	"elements": [
		{
			"from": [2, 0, 2],
			"to": [14, 0.5, 14],
			"rotation": {"angle": 0, "axis": "y", "origin": [15, 8, 15]},
			"faces": {
				"north": {"uv": [0, 0, 6, 0.25], "texture": "#missing"},
				"east": {"uv": [0, 0, 6, 0.25], "texture": "#missing"},
				"south": {"uv": [0, 0, 6, 0.25], "texture": "#missing"},
				"west": {"uv": [0, 0, 6, 0.25], "texture": "#missing"},
				"up": {"uv": [0, 0, 6, 6], "texture": "#0"},
				"down": {"uv": [0, 0, 6, 6], "texture": "#missing"}
			}
		},
		{
			"from": [2, 0, 2],
			"to": [14, 0.8, 14],
			"rotation": {"angle": 45, "axis": "y", "origin": [8, 0.25, 8]},
			"faces": {
				"north": {"uv": [0, 0, 6, 0.4], "texture": "#missing"},
				"east": {"uv": [0, 0, 6, 0.4], "texture": "#missing"},
				"south": {"uv": [0, 0, 6, 0.4], "texture": "#missing"},
				"west": {"uv": [0, 0, 6, 0.4], "texture": "#missing"},
				"up": {"uv": [0, 0, 6, 6], "rotation": 90, "texture": "#0"},
				"down": {"uv": [0, 0, 6, 6], "rotation": 270, "texture": "#missing"}
			}
		},
		{
			"from": [5, 0, 5],
			"to": [11, 1.1, 11],
			"rotation": {"angle": 0, "axis": "y", "origin": [13, 8, 16]},
			"faces": {
				"north": {"uv": [11, 0, 14, 3], "texture": "#missing"},
				"east": {"uv": [11, 0, 14, 3], "texture": "#missing"},
				"south": {"uv": [11, 0, 14, 3], "texture": "#missing"},
				"west": {"uv": [11, 0, 14, 3], "texture": "#missing"},
				"up": {"uv": [9, 9, 12, 12], "rotation": 180, "texture": "#0"},
				"down": {"uv": [11, 0, 14, 3], "texture": "#missing"}
			}
		},
		{
			"from": [7.6, 0, 7.4],
			"to": [8.4, 1.2, 11.4],
			"rotation": {"angle": 0, "axis": "y", "origin": [8, 0.6, 8.4]},
			"faces": {
				"north": {"uv": [0, 0, 3, 0.3], "texture": "#1"},
				"east": {"uv": [0, 0, 3, 0.3], "texture": "#1"},
				"south": {"uv": [0, 0, 3, 0.3], "texture": "#1"},
				"west": {"uv": [0, 0, 3, 0.3], "texture": "#1"},
				"up": {"uv": [0, 0, 3, 0.3], "rotation": 270, "texture": "#1"},
				"down": {"uv": [0, 0, 3, 0.3], "rotation": 90, "texture": "#1"}
			}
		},
		{
			"from": [7.6, 0, 5.75],
			"to": [8.4, 1.2, 6.65],
			"rotation": {"angle": 0, "axis": "y", "origin": [15.3, 8, 14.15]},
			"faces": {
				"north": {"uv": [0, 0, 0.3, 0.65], "texture": "#missing"},
				"east": {"uv": [0, 0, 0.7, 0.65], "texture": "#missing"},
				"south": {"uv": [0, 0, 0.3, 0.65], "texture": "#missing"},
				"west": {"uv": [0, 0, 0.7, 0.65], "texture": "#missing"},
				"up": {"uv": [0, 0, 0.3, 0.7], "texture": "#1"},
				"down": {"uv": [0, 0, 0.3, 0.7], "texture": "#missing"}
			}
		}
	],
	"gui_light": "front",
	"display": {
		"gui": {
			"rotation": [90, -180, 0],
			"scale": [0.9, 0.9, 0.9]
		}
	}
}