{
	"credit": "Made with Blockbench",
	"texture_size": [64, 64],
	"textures": {
		"0": "item/rpg_classes/warrior/armor/warrior_helmet_model",
		"particle": "item/rpg_classes/warrior/armor/warrior_helmet_model"
	},
	"elements": [
		{
			"name": "top",
			"from": [0, 16, 3],
			"to": [10, 16, 13],
			"rotation": {"angle": 0, "axis": "y", "origin": [5, 16, 8]},
			"faces": {
				"north": {"uv": [0, 0, 2.5, 2.5], "texture": "#0"},
				"east": {"uv": [0, 0, 2.5, 2.5], "texture": "#0"},
				"south": {"uv": [0, 0, 2.5, 2.5], "texture": "#0"},
				"west": {"uv": [0, 0, 2.5, 2.5], "texture": "#0"},
				"up": {"uv": [4, 0, 8, 4], "rotation": 90, "texture": "#0"},
				"down": {"uv": [4, 0, 8, 4], "rotation": 270, "texture": "#0"}
			}
		},
		{
			"name": "dx",
			"from": [0, 6, 13],
			"to": [10, 16, 13],
			"faces": {
				"north": {"uv": [0, 4, 4, 8], "texture": "#0"},
				"east": {"uv": [7, 4.5, 9.5, 7], "texture": "#0"},
				"south": {"uv": [8, 4, 12, 8], "texture": "#0"},
				"west": {"uv": [5, 4.5, 7.5, 7], "texture": "#0"},
				"up": {"uv": [4, 0, 8, 4], "texture": "#missing"},
				"down": {"uv": [0, 0, 2.5, 2.5], "texture": "#missing"}
			}
		},
		{
			"name": "sx",
			"from": [0, 6, 3],
			"to": [10, 16, 3],
			"rotation": {"angle": 0, "axis": "z", "origin": [3.1, 12.8, 0]},
			"faces": {
				"north": {"uv": [0, 4, 4, 8], "texture": "#0"},
				"east": {"uv": [0, 0, 2.5, 2.5], "texture": "#missing"},
				"south": {"uv": [8, 4, 12, 8], "texture": "#0"},
				"west": {"uv": [0, 0, 2.5, 2.5], "texture": "#missing"},
				"up": {"uv": [4, 0, 8, 4], "texture": "#missing"},
				"down": {"uv": [0, 0, 2.5, 2.5], "texture": "#missing"}
			}
		},
		{
			"name": "back",
			"from": [10, 6, 3],
			"to": [10, 16, 13],
			"faces": {
				"north": {"uv": [0, 0, 2.5, 2.5], "texture": "#missing"},
				"east": {"uv": [12, 4, 16, 8], "texture": "#0"},
				"south": {"uv": [0, 0, 2.5, 2.5], "texture": "#missing"},
				"west": {"uv": [12, 4, 16, 8], "texture": "#0"},
				"up": {"uv": [4, 0, 8, 4], "texture": "#missing"},
				"down": {"uv": [0, 0, 2.5, 2.5], "texture": "#missing"}
			}
		},
		{
			"name": "front",
			"from": [0, 6, 3],
			"to": [0, 16, 13],
			"faces": {
				"north": {"uv": [0, 0, 2.5, 2.5], "texture": "#missing"},
				"east": {"uv": [4, 4, 8, 8], "texture": "#0"},
				"south": {"uv": [0, 0, 2.5, 2.5], "texture": "#missing"},
				"west": {"uv": [4, 4, 8, 8], "texture": "#0"},
				"up": {"uv": [4, 0, 8, 4], "texture": "#missing"},
				"down": {"uv": [0, 0, 2.5, 2.5], "texture": "#missing"}
			}
		},
		{
			"from": [10, 11.5, 7],
			"to": [10.5, 17, 9],
			"faces": {
				"north": {"uv": [7, 2, 7.25, 4.375], "texture": "#0"},
				"east": {"uv": [5, 2, 6, 4.375], "texture": "#0"},
				"south": {"uv": [6.5, 2, 6.75, 4.375], "texture": "#0"},
				"west": {"uv": [5, 2, 6, 4.375], "texture": "#0"},
				"up": {"uv": [0.5, 1, 2.125, 1.5], "texture": "#0"},
				"down": {"uv": [6, 0, 6.625, 1], "texture": "#0"}
			}
		},
		{
			"from": [-0.5, 16, 7],
			"to": [10.5, 17, 9],
			"faces": {
				"north": {"uv": [4.5, 1.45, 7.25, 1.2], "texture": "#0"},
				"east": {"uv": [4, 3.5, 5, 3.75], "texture": "#0"},
				"south": {"uv": [4.5, 1.5, 7.25, 1.75], "texture": "#0"},
				"west": {"uv": [4, 3, 5, 3.25], "texture": "#0"},
				"up": {"uv": [4, 0, 8, 1], "texture": "#0"},
				"down": {"uv": [4.5, 2, 7.25, 2.5], "texture": "#0"}
			}
		},
		{
			"from": [-0.5, 13.25, 7],
			"to": [0, 17, 9],
			"faces": {
				"north": {"uv": [7, 2, 7.25, 3.9375], "texture": "#0"},
				"east": {"uv": [5, 2, 6, 3.9375], "texture": "#0"},
				"south": {"uv": [6.5, 2, 6.75, 3.9375], "texture": "#0"},
				"west": {"uv": [5, 2, 6, 3.9375], "texture": "#0"},
				"up": {"uv": [0.5, 1, 2.125, 1.5], "texture": "#0"},
				"down": {"uv": [6, 0, 6.625, 1], "texture": "#0"}
			}
		},
		{
			"from": [1.1, 11.5, 13],
			"to": [8, 12.5, 13.6],
			"rotation": {"angle": 0, "axis": "y", "origin": [0, 0, 10.5]},
			"faces": {
				"north": {"uv": [5.5, 0.5, 7.725, 1.25], "texture": "#0"},
				"east": {"uv": [7, 1, 7.65, 1.75], "texture": "#0"},
				"south": {"uv": [5.5, 0.5, 7.725, 1.25], "texture": "#0"},
				"west": {"uv": [4.5, 0, 5.65, 1.25], "texture": "#0"},
				"up": {"uv": [6, 1, 7.725, 1.65], "texture": "#0"},
				"down": {"uv": [4.5, 2.5, 7.725, 3.65], "texture": "#0"}
			}
		},
		{
			"from": [3.1, 11.8, 13],
			"to": [6.9, 12.8, 13.3],
			"rotation": {"angle": 0, "axis": "y", "origin": [0, 0, 10.5]},
			"faces": {
				"north": {"uv": [5.5, 0.5, 6.95, 1.25], "texture": "#0"},
				"east": {"uv": [7, 1, 7.575, 1.75], "texture": "#0"},
				"south": {"uv": [5.5, 0.5, 6.95, 1.25], "texture": "#0"},
				"west": {"uv": [4.5, 0, 5.575, 1.25], "texture": "#0"},
				"up": {"uv": [6, 1, 6.95, 1.575], "texture": "#0"},
				"down": {"uv": [4.5, 2.5, 6.95, 3.575], "texture": "#0"}
			}
		},
		{
			"from": [5.45, 11.6, 13],
			"to": [8.6, 12.6, 13.3],
			"rotation": {"angle": 45, "axis": "z", "origin": [5.625, 12.3, 13.35]},
			"faces": {
				"north": {"uv": [5.5, 0.5, 6.7875, 1.25], "texture": "#0"},
				"east": {"uv": [7, 1, 7.575, 1.75], "texture": "#0"},
				"south": {"uv": [5.5, 0.5, 6.7875, 1.25], "texture": "#0"},
				"west": {"uv": [4.5, 0, 5.575, 1.25], "texture": "#0"},
				"up": {"uv": [6, 1, 6.7875, 1.575], "texture": "#0"},
				"down": {"uv": [4.5, 2.5, 6.7875, 3.575], "texture": "#0"}
			}
		},
		{
			"from": [1.7, 11.8, 13],
			"to": [3.1, 12.8, 13.3],
			"rotation": {"angle": 22.5, "axis": "z", "origin": [3.1, 12.8, 10.5]},
			"faces": {
				"north": {"uv": [5.5, 0.5, 6.35, 1.25], "texture": "#0"},
				"east": {"uv": [7, 1, 7.575, 1.75], "texture": "#0"},
				"south": {"uv": [5.5, 0.5, 6.35, 1.25], "texture": "#0"},
				"west": {"uv": [4.5, 0, 5.575, 1.25], "texture": "#0"},
				"up": {"uv": [6, 1, 6.35, 1.575], "texture": "#0"},
				"down": {"uv": [4.5, 2.5, 6.35, 3.575], "texture": "#0"}
			}
		},
		{
			"from": [0.75, 7.25, 13],
			"to": [1.75, 12.25, 13.5],
			"rotation": {"angle": -22.5, "axis": "z", "origin": [1.5, 11.5, 13]},
			"faces": {
				"north": {"uv": [5.5, 0.5, 6.25, 2.25], "texture": "#0"},
				"east": {"uv": [7, 1, 7.625, 2.75], "texture": "#0"},
				"south": {"uv": [5.5, 0.5, 6.25, 2.25], "texture": "#0"},
				"west": {"uv": [4.5, 0, 5.625, 2.25], "texture": "#0"},
				"up": {"uv": [6, 1, 6.25, 1.625], "texture": "#0"},
				"down": {"uv": [4.5, 2.5, 6.25, 3.625], "texture": "#0"}
			}
		},
		{
			"from": [1.75, 8, 13],
			"to": [2.05, 12.25, 13.5],
			"rotation": {"angle": -22.5, "axis": "z", "origin": [1.5, 11.5, 13]},
			"faces": {
				"north": {"uv": [5.5, 0.5, 6.075, 2.0625], "texture": "#0"},
				"east": {"uv": [7, 1, 7.625, 2.5625], "texture": "#0"},
				"south": {"uv": [5.5, 0.5, 6.075, 2.0625], "texture": "#0"},
				"west": {"uv": [4.5, 0, 5.625, 2.0625], "texture": "#0"},
				"up": {"uv": [6, 1, 6.075, 1.625], "texture": "#0"},
				"down": {"uv": [4.5, 2.5, 6.075, 3.625], "texture": "#0"}
			}
		},
		{
			"from": [2.05, 8.75, 13.1],
			"to": [2.35, 12.25, 13.7],
			"rotation": {"angle": -22.5, "axis": "z", "origin": [1.5, 11.5, 13]},
			"faces": {
				"north": {"uv": [5.5, 0.5, 6.075, 1.875], "texture": "#0"},
				"east": {"uv": [7, 1, 7.65, 2.375], "texture": "#0"},
				"south": {"uv": [5.5, 0.5, 6.075, 1.875], "texture": "#0"},
				"west": {"uv": [4.5, 0, 5.65, 1.875], "texture": "#0"},
				"up": {"uv": [6, 1, 6.075, 1.65], "texture": "#0"},
				"down": {"uv": [4.5, 2.5, 6.075, 3.65], "texture": "#0"}
			}
		},
		{
			"from": [2.35, 10.75, 13.1],
			"to": [2.65, 12.25, 13.7],
			"rotation": {"angle": -22.5, "axis": "z", "origin": [1.5, 11.5, 13]},
			"faces": {
				"north": {"uv": [5.5, 0.5, 6.075, 1.375], "texture": "#0"},
				"east": {"uv": [7, 1, 7.65, 1.875], "texture": "#0"},
				"south": {"uv": [5.5, 0.5, 6.075, 1.375], "texture": "#0"},
				"west": {"uv": [4.5, 0, 5.65, 1.375], "texture": "#0"},
				"up": {"uv": [6, 1, 6.075, 1.65], "texture": "#0"},
				"down": {"uv": [4.5, 2.5, 6.075, 3.65], "texture": "#0"}
			}
		},
		{
			"from": [2.65, 11.15, 13.1],
			"to": [2.95, 12.25, 13.8],
			"rotation": {"angle": -22.5, "axis": "z", "origin": [1.5, 11.5, 13]},
			"faces": {
				"north": {"uv": [5.5, 0.5, 6.075, 1.275], "texture": "#0"},
				"east": {"uv": [7, 1, 7.675, 1.775], "texture": "#0"},
				"south": {"uv": [5.5, 0.5, 6.075, 1.275], "texture": "#0"},
				"west": {"uv": [4.5, 0, 5.675, 1.275], "texture": "#0"},
				"up": {"uv": [6, 1, 6.075, 1.675], "texture": "#0"},
				"down": {"uv": [4.5, 2.5, 6.075, 3.675], "texture": "#0"}
			}
		},
		{
			"from": [2.72758, 11.13729, 13],
			"to": [3.82758, 11.43729, 13.5],
			"rotation": {"angle": 22.5, "axis": "z", "origin": [2.77758, 11.18729, 13.25]},
			"faces": {
				"north": {"uv": [5.5, 0.5, 6.075, 1.275], "rotation": 270, "texture": "#0"},
				"east": {"uv": [7, 1, 7.575, 1.625], "rotation": 90, "texture": "#0"},
				"south": {"uv": [5.5, 0.5, 6.075, 1.275], "rotation": 90, "texture": "#0"},
				"west": {"uv": [4.5, 0, 5.575, 1.125], "rotation": 90, "texture": "#0"},
				"up": {"uv": [6, 1, 6.125, 1.775], "rotation": 90, "texture": "#0"},
				"down": {"uv": [4.5, 2.5, 6.125, 3.775], "rotation": 90, "texture": "#0"}
			}
		},
		{
			"from": [-1.35912, 7.49547, 13],
			"to": [0.14088, 8.49547, 13.5],
			"rotation": {"angle": 22.5, "axis": "z", "origin": [0.13592, 7.45948, 13.25]},
			"faces": {
				"north": {"uv": [5.5, 0.5, 6.25, 1.375], "rotation": 270, "texture": "#0"},
				"east": {"uv": [7, 1, 7.75, 1.625], "rotation": 90, "texture": "#0"},
				"south": {"uv": [5.5, 0.5, 6.25, 1.375], "rotation": 90, "texture": "#0"},
				"west": {"uv": [4.5, 0, 5.75, 1.125], "rotation": 90, "texture": "#0"},
				"up": {"uv": [6, 1, 6.125, 1.875], "rotation": 90, "texture": "#0"},
				"down": {"uv": [4.5, 2.5, 6.125, 3.875], "rotation": 90, "texture": "#0"}
			}
		},
		{
			"from": [-0.65912, 7.89547, 13.1],
			"to": [1.04088, 8.89547, 13.4],
			"rotation": {"angle": 45, "axis": "z", "origin": [0.13592, 7.45948, 13.25]},
			"faces": {
				"north": {"uv": [5.5, 0.5, 6.25, 1.425], "rotation": 270, "texture": "#0"},
				"east": {"uv": [7, 1, 7.75, 1.575], "rotation": 90, "texture": "#0"},
				"south": {"uv": [5.5, 0.5, 6.25, 1.425], "rotation": 90, "texture": "#0"},
				"west": {"uv": [4.5, 0, 5.75, 1.075], "rotation": 90, "texture": "#0"},
				"up": {"uv": [6, 1, 6.075, 1.925], "rotation": 90, "texture": "#0"},
				"down": {"uv": [4.5, 2.5, 6.075, 3.925], "rotation": 90, "texture": "#0"}
			}
		},
		{
			"from": [-1.85912, 7.59547, 12.9],
			"to": [-1.35912, 8.39547, 13.4],
			"rotation": {"angle": 22.5, "axis": "z", "origin": [0.13592, 7.45948, 13.25]},
			"faces": {
				"north": {"uv": [5.5, 0.5, 6.2, 1.125], "rotation": 270, "texture": "#0"},
				"east": {"uv": [7, 1, 7.7, 1.625], "rotation": 90, "texture": "#0"},
				"south": {"uv": [5.5, 0.5, 6.2, 1.125], "rotation": 90, "texture": "#0"},
				"west": {"uv": [4.5, 0, 5.7, 1.125], "rotation": 90, "texture": "#0"},
				"up": {"uv": [6, 1, 6.125, 1.625], "rotation": 90, "texture": "#0"},
				"down": {"uv": [4.5, 2.5, 6.125, 3.625], "rotation": 90, "texture": "#0"}
			}
		},
		{
			"from": [-2.35912, 7.69547, 12.8],
			"to": [-1.85912, 8.29547, 13.3],
			"rotation": {"angle": 22.5, "axis": "z", "origin": [0.13592, 7.45948, 13.25]},
			"faces": {
				"north": {"uv": [5.5, 0.5, 6.15, 1.125], "rotation": 270, "texture": "#0"},
				"east": {"uv": [7, 1, 7.65, 1.625], "rotation": 90, "texture": "#0"},
				"south": {"uv": [5.5, 0.5, 6.15, 1.125], "rotation": 90, "texture": "#0"},
				"west": {"uv": [4.5, 0, 5.65, 1.125], "rotation": 90, "texture": "#0"},
				"up": {"uv": [6, 1, 6.125, 1.625], "rotation": 90, "texture": "#0"},
				"down": {"uv": [4.5, 2.5, 6.125, 3.625], "rotation": 90, "texture": "#0"}
			}
		},
		{
			"from": [-2.85528, 6.70419, 12.7],
			"to": [-2.35528, 7.10419, 13.2],
			"rotation": {"angle": 22.5, "axis": "z", "origin": [-2.60528, 6.90419, 13.55]},
			"faces": {
				"north": {"uv": [5.5, 0.5, 6.1, 1.125], "rotation": 270, "texture": "#0"},
				"east": {"uv": [7, 1, 7.6, 1.625], "rotation": 90, "texture": "#0"},
				"south": {"uv": [5.5, 0.5, 6.1, 1.125], "rotation": 90, "texture": "#0"},
				"west": {"uv": [4.5, 0, 5.6, 1.125], "rotation": 90, "texture": "#0"},
				"up": {"uv": [6, 1, 6.125, 1.625], "rotation": 90, "texture": "#0"},
				"down": {"uv": [4.5, 2.5, 6.125, 3.625], "rotation": 90, "texture": "#0"}
			}
		},
		{
			"from": [1.1, 11.5, 2.4],
			"to": [8, 12.5, 3],
			"faces": {
				"north": {"uv": [4.5, 1, 7.725, 2.25], "texture": "#0"},
				"east": {"uv": [4.5, 0.5, 5.15, 1.25], "texture": "#0"},
				"south": {"uv": [5.5, 2, 7.725, 2.75], "texture": "#0"},
				"west": {"uv": [4.5, 1, 5.15, 1.75], "texture": "#0"},
				"up": {"uv": [5.5, 0.5, 7.725, 1.15], "texture": "#0"},
				"down": {"uv": [5, 2, 7.225, 2.65], "texture": "#0"}
			}
		},
		{
			"from": [3.1, 11.8, 2.7],
			"to": [6.9, 12.8, 3],
			"faces": {
				"north": {"uv": [4.5, 1, 6.95, 2.25], "texture": "#0"},
				"east": {"uv": [4.5, 0.5, 5.075, 1.25], "texture": "#0"},
				"south": {"uv": [5.5, 2, 6.95, 2.75], "texture": "#0"},
				"west": {"uv": [4.5, 1, 5.075, 1.75], "texture": "#0"},
				"up": {"uv": [5.5, 0.5, 6.95, 1.075], "texture": "#0"},
				"down": {"uv": [5, 2, 6.45, 2.575], "texture": "#0"}
			}
		},
		{
			"from": [5.45, 11.6, 2.7],
			"to": [8.6, 12.6, 3],
			"rotation": {"angle": 45, "axis": "z", "origin": [5.625, 12.3, 2.85]},
			"faces": {
				"north": {"uv": [4.5, 1, 6.7875, 2.25], "texture": "#0"},
				"east": {"uv": [4.5, 0.5, 5.075, 1.25], "texture": "#0"},
				"south": {"uv": [5.5, 2, 6.7875, 2.75], "texture": "#0"},
				"west": {"uv": [4.5, 1, 5.075, 1.75], "texture": "#0"},
				"up": {"uv": [5.5, 0.5, 6.7875, 1.075], "texture": "#0"},
				"down": {"uv": [5, 2, 6.2875, 2.575], "texture": "#0"}
			}
		},
		{
			"from": [1.7, 11.8, 2.7],
			"to": [3.1, 12.8, 3],
			"rotation": {"angle": 22.5, "axis": "z", "origin": [3.1, 12.8, 0]},
			"faces": {
				"north": {"uv": [4.5, 1, 6.35, 2.25], "texture": "#0"},
				"east": {"uv": [4.5, 0.5, 5.075, 1.25], "texture": "#0"},
				"south": {"uv": [5.5, 2, 6.35, 2.75], "texture": "#0"},
				"west": {"uv": [4.5, 1, 5.075, 1.75], "texture": "#0"},
				"up": {"uv": [5.5, 0.5, 6.35, 1.075], "texture": "#0"},
				"down": {"uv": [5, 2, 5.85, 2.575], "texture": "#0"}
			}
		},
		{
			"from": [0.75, 7.25, 2.5],
			"to": [1.75, 12.25, 3],
			"rotation": {"angle": -22.5, "axis": "z", "origin": [1.5, 11.5, 2.5]},
			"faces": {
				"north": {"uv": [4.5, 1, 6.25, 3.25], "texture": "#0"},
				"east": {"uv": [4.5, 0.5, 5.125, 2.25], "texture": "#0"},
				"south": {"uv": [5.5, 2, 6.25, 3.75], "texture": "#0"},
				"west": {"uv": [4.5, 1, 5.125, 2.75], "texture": "#0"},
				"up": {"uv": [5.5, 0.5, 6.25, 1.125], "texture": "#0"},
				"down": {"uv": [5, 2, 5.75, 2.625], "texture": "#0"}
			}
		},
		{
			"from": [1.75, 8, 2.5],
			"to": [2.05, 12.25, 3],
			"rotation": {"angle": -22.5, "axis": "z", "origin": [1.5, 11.5, 2.5]},
			"faces": {
				"north": {"uv": [4.5, 1, 6.075, 3.0625], "texture": "#0"},
				"east": {"uv": [4.5, 0.5, 5.125, 2.0625], "texture": "#0"},
				"south": {"uv": [5.5, 2, 6.075, 3.5625], "texture": "#0"},
				"west": {"uv": [4.5, 1, 5.125, 2.5625], "texture": "#0"},
				"up": {"uv": [5.5, 0.5, 6.075, 1.125], "texture": "#0"},
				"down": {"uv": [5, 2, 5.575, 2.625], "texture": "#0"}
			}
		},
		{
			"from": [2.05, 8.75, 2.4],
			"to": [2.35, 12.25, 3],
			"rotation": {"angle": -22.5, "axis": "z", "origin": [1.5, 11.5, 2.5]},
			"faces": {
				"north": {"uv": [4.5, 1, 6.075, 2.875], "texture": "#0"},
				"east": {"uv": [4.5, 0.5, 5.15, 1.875], "texture": "#0"},
				"south": {"uv": [5.5, 2, 6.075, 3.375], "texture": "#0"},
				"west": {"uv": [4.5, 1, 5.15, 2.375], "texture": "#0"},
				"up": {"uv": [5.5, 0.5, 6.075, 1.15], "texture": "#0"},
				"down": {"uv": [5, 2, 5.575, 2.65], "texture": "#0"}
			}
		},
		{
			"from": [2.35, 10.75, 2.4],
			"to": [2.65, 12.25, 3],
			"rotation": {"angle": -22.5, "axis": "z", "origin": [1.5, 11.5, 2.5]},
			"faces": {
				"north": {"uv": [4.5, 1, 6.075, 2.375], "texture": "#0"},
				"east": {"uv": [4.5, 0.5, 5.15, 1.375], "texture": "#0"},
				"south": {"uv": [5.5, 2, 6.075, 2.875], "texture": "#0"},
				"west": {"uv": [4.5, 1, 5.15, 1.875], "texture": "#0"},
				"up": {"uv": [5.5, 0.5, 6.075, 1.15], "texture": "#0"},
				"down": {"uv": [5, 2, 5.575, 2.65], "texture": "#0"}
			}
		},
		{
			"from": [2.65, 11.15, 2.3],
			"to": [2.95, 12.25, 3],
			"rotation": {"angle": -22.5, "axis": "z", "origin": [1.5, 11.5, 2.5]},
			"faces": {
				"north": {"uv": [4.5, 1, 6.075, 2.275], "texture": "#0"},
				"east": {"uv": [4.5, 0.5, 5.175, 1.275], "texture": "#0"},
				"south": {"uv": [5.5, 2, 6.075, 2.775], "texture": "#0"},
				"west": {"uv": [4.5, 1, 5.175, 1.775], "texture": "#0"},
				"up": {"uv": [5.5, 0.5, 6.075, 1.175], "texture": "#0"},
				"down": {"uv": [5, 2, 5.575, 2.675], "texture": "#0"}
			}
		},
		{
			"from": [2.72758, 11.13729, 2.5],
			"to": [3.82758, 11.43729, 3],
			"rotation": {"angle": 22.5, "axis": "z", "origin": [2.77758, 11.18729, 2.75]},
			"faces": {
				"north": {"uv": [4.5, 1, 6.075, 2.275], "rotation": 270, "texture": "#0"},
				"east": {"uv": [4.5, 0.5, 5.075, 1.125], "rotation": 90, "texture": "#0"},
				"south": {"uv": [5.5, 2, 6.075, 2.775], "rotation": 90, "texture": "#0"},
				"west": {"uv": [4.5, 1, 5.075, 1.625], "rotation": 90, "texture": "#0"},
				"up": {"uv": [5.5, 0.5, 6.125, 1.275], "rotation": 90, "texture": "#0"},
				"down": {"uv": [5, 2, 5.625, 2.775], "rotation": 90, "texture": "#0"}
			}
		},
		{
			"from": [-1.35912, 7.49547, 2.5],
			"to": [0.14088, 8.49547, 3],
			"rotation": {"angle": 22.5, "axis": "z", "origin": [0.13592, 7.45948, 2.75]},
			"faces": {
				"north": {"uv": [4.5, 1, 6.25, 2.375], "rotation": 270, "texture": "#0"},
				"east": {"uv": [4.5, 0.5, 5.25, 1.125], "rotation": 90, "texture": "#0"},
				"south": {"uv": [5.5, 2, 6.25, 2.875], "rotation": 90, "texture": "#0"},
				"west": {"uv": [4.5, 1, 5.25, 1.625], "rotation": 90, "texture": "#0"},
				"up": {"uv": [5.5, 0.5, 6.125, 1.375], "rotation": 90, "texture": "#0"},
				"down": {"uv": [5, 2, 5.625, 2.875], "rotation": 90, "texture": "#0"}
			}
		},
		{
			"from": [-0.65912, 7.89547, 2.6],
			"to": [1.04088, 8.89547, 2.9],
			"rotation": {"angle": 45, "axis": "z", "origin": [0.13592, 7.45948, 2.75]},
			"faces": {
				"north": {"uv": [4.5, 1, 6.25, 2.425], "rotation": 270, "texture": "#0"},
				"east": {"uv": [4.5, 0.5, 5.25, 1.075], "rotation": 90, "texture": "#0"},
				"south": {"uv": [5.5, 2, 6.25, 2.925], "rotation": 90, "texture": "#0"},
				"west": {"uv": [4.5, 1, 5.25, 1.575], "rotation": 90, "texture": "#0"},
				"up": {"uv": [5.5, 0.5, 6.075, 1.425], "rotation": 90, "texture": "#0"},
				"down": {"uv": [5, 2, 5.575, 2.925], "rotation": 90, "texture": "#0"}
			}
		},
		{
			"from": [-1.85912, 7.59547, 2.6],
			"to": [-1.35912, 8.39547, 3.1],
			"rotation": {"angle": 22.5, "axis": "z", "origin": [0.13592, 7.45948, 2.75]},
			"faces": {
				"north": {"uv": [4.5, 1, 6.2, 2.125], "rotation": 270, "texture": "#0"},
				"east": {"uv": [4.5, 0.5, 5.2, 1.125], "rotation": 90, "texture": "#0"},
				"south": {"uv": [5.5, 2, 6.2, 2.625], "rotation": 90, "texture": "#0"},
				"west": {"uv": [4.5, 1, 5.2, 1.625], "rotation": 90, "texture": "#0"},
				"up": {"uv": [5.5, 0.5, 6.125, 1.125], "rotation": 90, "texture": "#0"},
				"down": {"uv": [5, 2, 5.625, 2.625], "rotation": 90, "texture": "#0"}
			}
		},
		{
			"from": [-2.35912, 7.69547, 2.7],
			"to": [-1.85912, 8.29547, 3.2],
			"rotation": {"angle": 22.5, "axis": "z", "origin": [0.13592, 7.45948, 2.75]},
			"faces": {
				"north": {"uv": [4.5, 1, 6.15, 2.125], "rotation": 270, "texture": "#0"},
				"east": {"uv": [4.5, 0.5, 5.15, 1.125], "rotation": 90, "texture": "#0"},
				"south": {"uv": [5.5, 2, 6.15, 2.625], "rotation": 90, "texture": "#0"},
				"west": {"uv": [4.5, 1, 5.15, 1.625], "rotation": 90, "texture": "#0"},
				"up": {"uv": [5.5, 0.5, 6.125, 1.125], "rotation": 90, "texture": "#0"},
				"down": {"uv": [5, 2, 5.625, 2.625], "rotation": 90, "texture": "#0"}
			}
		},
		{
			"from": [-2.85528, 6.70419, 2.8],
			"to": [-2.35528, 7.10419, 3.3],
			"rotation": {"angle": 22.5, "axis": "z", "origin": [-2.60528, 6.90419, 3.05]},
			"faces": {
				"north": {"uv": [4.5, 1, 6.1, 2.125], "rotation": 270, "texture": "#0"},
				"east": {"uv": [4.5, 0.5, 5.1, 1.125], "rotation": 90, "texture": "#0"},
				"south": {"uv": [5.5, 2, 6.1, 2.625], "rotation": 90, "texture": "#0"},
				"west": {"uv": [4.5, 1, 5.1, 1.625], "rotation": 90, "texture": "#0"},
				"up": {"uv": [5.5, 0.5, 6.125, 1.125], "rotation": 90, "texture": "#0"},
				"down": {"uv": [5, 2, 5.625, 2.625], "rotation": 90, "texture": "#0"}
			}
		}
	],
	"display": {
		"thirdperson_righthand": {
			"rotation": [0, -90, -45],
			"scale": [0.5, 0.5, 0.5]
		},
		"thirdperson_lefthand": {
			"rotation": [0, 90, 45],
			"scale": [0.5, 0.5, 0.5]
		},
		"firstperson_righthand": {
			"rotation": [0, -73, 0],
			"translation": [0, -1.25, 1.25],
			"scale": [0.5, 0.5, 0.5]
		},
		"firstperson_lefthand": {
			"rotation": [0, 107, 0],
			"translation": [0, -1.25, 1.25],
			"scale": [0.5, 0.5, 0.5]
		},
		"ground": {
			"scale": [0.5, 0.5, 0.5]
		},
		"gui": {
			"rotation": [0, 60, 30],
			"translation": [2.5, -3, 0],
			"scale": [0.9, 0.9, 0.9]
		},
		"head": {
			"rotation": [0, -90, 0],
			"translation": [0, -4.7, 4.5],
			"scale": [1.57, 1.57, 1.57]
		},
		"fixed": {
			"rotation": [0, -90, 0],
			"translation": [0, -5.25, 3]
		}
	},
	"groups": [
		0,
		1,
		2,
		3,
		4,
		{
			"name": "Head Cover",
			"origin": [0, 0, 0],
			"color": 0,
			"children": [5, 6, 7]
		},
		{
			"name": "Horn Sx",
			"origin": [8, 8, 8],
			"color": 0,
			"children": [8, 9, 10, 11, 12, 13, 14, 15, 16, 17, 18, 19, 20, 21, 22]
		},
		{
			"name": "Horn Dx",
			"origin": [8, 8, 8],
			"color": 0,
			"children": [23, 24, 25, 26, 27, 28, 29, 30, 31, 32, 33, 34, 35, 36, 37]
		}
	]
}