{
	"credit": "Made with Blockbench",
	"texture_size": [64, 64],
	"textures": {
		"0": "item/combat/warlock/warlock_helmet_model",
		"particle": "item/combat/warlock/warlock_helmet_model"
	},
	"elements": [
		{
			"from": [2.5, 18.50996, -0.80728],
			"to": [3.5, 19.40996, -0.10728],
			"rotation": {"angle": 45, "axis": "x", "origin": [2.23, 16.1347, 7.6923]},
			"faces": {
				"north": {"uv": [11.5, 4, 12, 4.5], "rotation": 180, "texture": "#0"},
				"east": {"uv": [5.5, 0.5, 7, 2], "rotation": 270, "texture": "#0"},
				"south": {"uv": [12, 4, 12.5, 4.5], "texture": "#0"},
				"west": {"uv": [5.5, 0.5, 7, 2], "rotation": 90, "texture": "#0"},
				"up": {"uv": [10.5, 4.5, 11, 5], "rotation": 180, "texture": "#0"},
				"down": {"uv": [4, 5, 4.5, 5.5], "texture": "#0"}
			}
		},
		{
			"from": [-0.7, 14.61435, 4.31992],
			"to": [0.3, 16.91435, 7.71992],
			"rotation": {"angle": 22.5, "axis": "x", "origin": [2.33, 16.1347, 7.6923]},
			"faces": {
				"north": {"uv": [11.5, 4, 12, 4.5], "texture": "#0"},
				"east": {"uv": [5.5, 0.5, 7, 2], "texture": "#0"},
				"south": {"uv": [12, 4, 12.5, 4.5], "texture": "#0"},
				"west": {"uv": [5.5, 0.5, 7, 2], "texture": "#0"},
				"up": {"uv": [10.5, 4.5, 11, 5], "texture": "#0"},
				"down": {"uv": [4, 5, 4.5, 5.5], "texture": "#0"}
			}
		},
		{
			"from": [-0.1, 13.55198, 3.51835],
			"to": [0.9, 15.85198, 5.31835],
			"rotation": {"angle": 45, "axis": "x", "origin": [2.23, 16.1347, 7.6923]},
			"faces": {
				"north": {"uv": [11.5, 4, 12, 4.5], "texture": "#0"},
				"east": {"uv": [5.5, 0.5, 7, 2], "texture": "#0"},
				"south": {"uv": [12, 4, 12.5, 4.5], "texture": "#0"},
				"west": {"uv": [5.5, 0.5, 7, 2], "texture": "#0"},
				"up": {"uv": [10.5, 4.5, 11, 5], "texture": "#0"},
				"down": {"uv": [4, 5, 4.5, 5.5], "texture": "#0"}
			}
		},
		{
			"from": [0.8, 13.55198, 3.01835],
			"to": [1.8, 15.85198, 4.81835],
			"rotation": {"angle": 45, "axis": "x", "origin": [2.23, 16.1347, 7.6923]},
			"faces": {
				"north": {"uv": [11.5, 4, 12, 4.5], "texture": "#0"},
				"east": {"uv": [5.5, 0.5, 7, 2], "texture": "#0"},
				"south": {"uv": [12, 4, 12.5, 4.5], "texture": "#0"},
				"west": {"uv": [5.5, 0.5, 7, 2], "texture": "#0"},
				"up": {"uv": [10.5, 4.5, 11, 5], "texture": "#0"},
				"down": {"uv": [4, 5, 4.5, 5.5], "texture": "#0"}
			}
		},
		{
			"from": [1.4, 13.75198, 2.31835],
			"to": [2.4, 16.05198, 4.11835],
			"rotation": {"angle": 45, "axis": "x", "origin": [2.23, 16.1347, 7.6923]},
			"faces": {
				"north": {"uv": [11.5, 4, 12, 4.5], "texture": "#0"},
				"east": {"uv": [5.5, 0.5, 7, 2], "texture": "#0"},
				"south": {"uv": [12, 4, 12.5, 4.5], "texture": "#0"},
				"west": {"uv": [5.5, 0.5, 7, 2], "texture": "#0"},
				"up": {"uv": [10.5, 4.5, 11, 5], "texture": "#0"},
				"down": {"uv": [4, 5, 4.5, 5.5], "texture": "#0"}
			}
		},
		{
			"from": [1.8, 19.57519, 3.87672],
			"to": [2.8, 22.67519, 5.67672],
			"rotation": {"angle": -22.5, "axis": "x", "origin": [2.23, 16.1347, 7.6923]},
			"faces": {
				"north": {"uv": [11.5, 4, 12, 4.5], "rotation": 180, "texture": "#0"},
				"east": {"uv": [5.5, 0.5, 7, 2], "rotation": 270, "texture": "#0"},
				"south": {"uv": [12, 4, 12.5, 4.5], "texture": "#0"},
				"west": {"uv": [5.5, 0.5, 7, 2], "rotation": 90, "texture": "#0"},
				"up": {"uv": [10.5, 4.5, 11, 5], "rotation": 180, "texture": "#0"},
				"down": {"uv": [4, 5, 4.5, 5.5], "texture": "#0"}
			}
		},
		{
			"from": [2, 20.17957, 1.98888],
			"to": [3, 22.07957, 3.48888],
			"rotation": {"angle": 0, "axis": "x", "origin": [2.23, 16.1347, 7.6923]},
			"faces": {
				"north": {"uv": [11.5, 4, 12, 4.5], "rotation": 180, "texture": "#0"},
				"east": {"uv": [5.5, 0.5, 7, 2], "rotation": 270, "texture": "#0"},
				"south": {"uv": [12, 4, 12.5, 4.5], "texture": "#0"},
				"west": {"uv": [5.5, 0.5, 7, 2], "rotation": 90, "texture": "#0"},
				"up": {"uv": [10.5, 4.5, 11, 5], "rotation": 180, "texture": "#0"},
				"down": {"uv": [4, 5, 4.5, 5.5], "texture": "#0"}
			}
		},
		{
			"from": [2.2, 19.35188, 0.20187],
			"to": [3.2, 20.25188, 1.60187],
			"rotation": {"angle": 22.5, "axis": "x", "origin": [2.23, 16.1347, 7.6923]},
			"faces": {
				"north": {"uv": [11.5, 4, 12, 4.5], "rotation": 180, "texture": "#0"},
				"east": {"uv": [5.5, 0.5, 7, 2], "rotation": 270, "texture": "#0"},
				"south": {"uv": [12, 4, 12.5, 4.5], "texture": "#0"},
				"west": {"uv": [5.5, 0.5, 7, 2], "rotation": 90, "texture": "#0"},
				"up": {"uv": [10.5, 4.5, 11, 5], "rotation": 180, "texture": "#0"},
				"down": {"uv": [4, 5, 4.5, 5.5], "texture": "#0"}
			}
		},
		{
			"from": [2.2, 20.05188, 0.40187],
			"to": [3.2, 20.95188, 1.60187],
			"rotation": {"angle": 22.5, "axis": "x", "origin": [2.23, 16.1347, 7.6923]},
			"faces": {
				"north": {"uv": [11.5, 4, 12, 4.5], "rotation": 180, "texture": "#0"},
				"east": {"uv": [5.5, 0.5, 7, 2], "rotation": 270, "texture": "#0"},
				"south": {"uv": [12, 4, 12.5, 4.5], "texture": "#0"},
				"west": {"uv": [5.5, 0.5, 7, 2], "rotation": 90, "texture": "#0"},
				"up": {"uv": [10.5, 4.5, 11, 5], "rotation": 180, "texture": "#0"},
				"down": {"uv": [4, 5, 4.5, 5.5], "texture": "#0"}
			}
		},
		{
			"from": [2.4, 20.65188, 0.60187],
			"to": [3.4, 21.65188, 1.50187],
			"rotation": {"angle": 22.5, "axis": "x", "origin": [2.23, 16.1347, 7.6923]},
			"faces": {
				"north": {"uv": [11.5, 4, 12, 4.5], "rotation": 180, "texture": "#0"},
				"east": {"uv": [5.5, 0.5, 7, 2], "rotation": 270, "texture": "#0"},
				"south": {"uv": [12, 4, 12.5, 4.5], "texture": "#0"},
				"west": {"uv": [5.5, 0.5, 7, 2], "rotation": 90, "texture": "#0"},
				"up": {"uv": [10.5, 4.5, 11, 5], "rotation": 180, "texture": "#0"},
				"down": {"uv": [4, 5, 4.5, 5.5], "texture": "#0"}
			}
		},
		{
			"from": [0, 19.01076, 8.50983],
			"to": [1, 20.81076, 10.80983],
			"rotation": {"angle": 45, "axis": "x", "origin": [2.03, 16.1347, 7.6923]},
			"faces": {
				"north": {"uv": [11.5, 4, 12, 4.5], "rotation": 180, "texture": "#0"},
				"east": {"uv": [5.5, 0.5, 7, 2], "rotation": 270, "texture": "#0"},
				"south": {"uv": [12, 4, 12.5, 4.5], "texture": "#0"},
				"west": {"uv": [5.5, 0.5, 7, 2], "rotation": 90, "texture": "#0"},
				"up": {"uv": [10.5, 4.5, 11, 5], "rotation": 180, "texture": "#0"},
				"down": {"uv": [4, 5, 4.5, 5.5], "texture": "#0"}
			}
		},
		{
			"from": [-0.7, 14.38894, 8.21802],
			"to": [0.3, 16.68894, 11.61802],
			"rotation": {"angle": -22.5, "axis": "x", "origin": [2.33, 16.1347, 7.6923]},
			"faces": {
				"north": {"uv": [11.5, 4, 12, 4.5], "rotation": 180, "texture": "#0"},
				"east": {"uv": [5.5, 0.5, 7, 2], "rotation": 180, "texture": "#0"},
				"south": {"uv": [12, 4, 12.5, 4.5], "rotation": 180, "texture": "#0"},
				"west": {"uv": [5.5, 0.5, 7, 2], "rotation": 180, "texture": "#0"},
				"up": {"uv": [10.5, 4.5, 11, 5], "texture": "#0"},
				"down": {"uv": [4, 5, 4.5, 5.5], "texture": "#0"}
			}
		},
		{
			"from": [0.7, 21.13149, 10.36473],
			"to": [1.7, 22.93149, 11.66473],
			"rotation": {"angle": 22.5, "axis": "x", "origin": [2.03, 16.1347, 7.6923]},
			"faces": {
				"north": {"uv": [11.5, 4, 12, 4.5], "rotation": 180, "texture": "#0"},
				"east": {"uv": [5.5, 0.5, 7, 2], "rotation": 270, "texture": "#0"},
				"south": {"uv": [12, 4, 12.5, 4.5], "texture": "#0"},
				"west": {"uv": [5.5, 0.5, 7, 2], "rotation": 90, "texture": "#0"},
				"up": {"uv": [10.5, 4.5, 11, 5], "rotation": 180, "texture": "#0"},
				"down": {"uv": [4, 5, 4.5, 5.5], "texture": "#0"}
			}
		},
		{
			"from": [0.9, 21.73149, 10.06473],
			"to": [1.9, 23.23149, 11.46473],
			"rotation": {"angle": 22.5, "axis": "x", "origin": [2.03, 16.1347, 7.6923]},
			"faces": {
				"north": {"uv": [11.5, 4, 12, 4.5], "rotation": 180, "texture": "#0"},
				"east": {"uv": [5.5, 0.5, 7, 2], "rotation": 270, "texture": "#0"},
				"south": {"uv": [12, 4, 12.5, 4.5], "texture": "#0"},
				"west": {"uv": [5.5, 0.5, 7, 2], "rotation": 90, "texture": "#0"},
				"up": {"uv": [10.5, 4.5, 11, 5], "rotation": 180, "texture": "#0"},
				"down": {"uv": [4, 5, 4.5, 5.5], "texture": "#0"}
			}
		},
		{
			"from": [1.2, 20.94215, 12.21274],
			"to": [2.2, 22.14215, 13.71274],
			"rotation": {"angle": 0, "axis": "x", "origin": [2.03, 16.1347, 7.6923]},
			"faces": {
				"north": {"uv": [11.5, 4, 12, 4.5], "rotation": 180, "texture": "#0"},
				"east": {"uv": [5.5, 0.5, 7, 2], "rotation": 270, "texture": "#0"},
				"south": {"uv": [12, 4, 12.5, 4.5], "texture": "#0"},
				"west": {"uv": [5.5, 0.5, 7, 2], "rotation": 90, "texture": "#0"},
				"up": {"uv": [10.5, 4.5, 11, 5], "rotation": 180, "texture": "#0"},
				"down": {"uv": [4, 5, 4.5, 5.5], "texture": "#0"}
			}
		},
		{
			"from": [1.45, 18.88318, 14.03397],
			"to": [2.45, 20.28318, 15.33397],
			"rotation": {"angle": -22.5, "axis": "x", "origin": [2.03, 16.1347, 7.6923]},
			"faces": {
				"north": {"uv": [11.5, 4, 12, 4.5], "rotation": 180, "texture": "#0"},
				"east": {"uv": [5.5, 0.5, 7, 2], "rotation": 270, "texture": "#0"},
				"south": {"uv": [12, 4, 12.5, 4.5], "texture": "#0"},
				"west": {"uv": [5.5, 0.5, 7, 2], "rotation": 90, "texture": "#0"},
				"up": {"uv": [10.5, 4.5, 11, 5], "rotation": 180, "texture": "#0"},
				"down": {"uv": [4, 5, 4.5, 5.5], "texture": "#0"}
			}
		},
		{
			"from": [1.85, 19.48318, 14.13397],
			"to": [2.85, 20.98318, 15.13397],
			"rotation": {"angle": -22.5, "axis": "x", "origin": [2.03, 16.1347, 7.6923]},
			"faces": {
				"north": {"uv": [11.5, 4, 12, 4.5], "rotation": 180, "texture": "#0"},
				"east": {"uv": [5.5, 0.5, 7, 2], "rotation": 270, "texture": "#0"},
				"south": {"uv": [12, 4, 12.5, 4.5], "texture": "#0"},
				"west": {"uv": [5.5, 0.5, 7, 2], "rotation": 90, "texture": "#0"},
				"up": {"uv": [10.5, 4.5, 11, 5], "rotation": 180, "texture": "#0"},
				"down": {"uv": [4, 5, 4.5, 5.5], "texture": "#0"}
			}
		},
		{
			"from": [2.15, 20.28318, 14.23397],
			"to": [3.15, 21.78318, 14.93397],
			"rotation": {"angle": -22.5, "axis": "x", "origin": [2.03, 16.1347, 7.6923]},
			"faces": {
				"north": {"uv": [11.5, 4, 12, 4.5], "rotation": 180, "texture": "#0"},
				"east": {"uv": [5.5, 0.5, 7, 2], "rotation": 270, "texture": "#0"},
				"south": {"uv": [12, 4, 12.5, 4.5], "texture": "#0"},
				"west": {"uv": [5.5, 0.5, 7, 2], "rotation": 90, "texture": "#0"},
				"up": {"uv": [10.5, 4.5, 11, 5], "rotation": 180, "texture": "#0"},
				"down": {"uv": [4, 5, 4.5, 5.5], "texture": "#0"}
			}
		},
		{
			"from": [2.25, 24.17941, 4.48448],
			"to": [3.25, 24.67941, 5.98448],
			"rotation": {"angle": 45, "axis": "x", "origin": [2.03, 16.1347, 7.6923]},
			"faces": {
				"north": {"uv": [11.5, 4, 12, 4.5], "texture": "#0"},
				"east": {"uv": [5.5, 0.5, 7, 2], "texture": "#0"},
				"south": {"uv": [12, 4, 12.5, 4.5], "texture": "#0"},
				"west": {"uv": [5.5, 0.5, 7, 2], "texture": "#0"},
				"up": {"uv": [10.5, 4.5, 11, 5], "texture": "#0"},
				"down": {"uv": [4, 5, 4.5, 5.5], "texture": "#0"}
			}
		},
		{
			"from": [-1, 14.37314, 7.38901],
			"to": [0, 16.87314, 9.88901],
			"rotation": {"angle": 45, "axis": "x", "origin": [2.33, 16.1347, 7.6923]},
			"faces": {
				"north": {"uv": [11.5, 4, 12, 4.5], "rotation": 180, "texture": "#0"},
				"east": {"uv": [5.5, 0.5, 7, 2], "rotation": 90, "texture": "#0"},
				"south": {"uv": [12, 4, 12.5, 4.5], "texture": "#0"},
				"west": {"uv": [4, 0, 5.5, 1.5], "rotation": 180, "texture": "#0"},
				"up": {"uv": [10.5, 4.5, 11, 5], "texture": "#0"},
				"down": {"uv": [4, 5, 4.5, 5.5], "rotation": 180, "texture": "#0"}
			}
		},
		{
			"name": "top",
			"from": [0, 16, 3],
			"to": [10, 16, 13],
			"rotation": {"angle": 0, "axis": "y", "origin": [5, 16, 8]},
			"faces": {
				"north": {"uv": [0, 0, 2.5, 2.5], "texture": "#0"},
				"east": {"uv": [0, 0, 2.5, 2.5], "texture": "#0"},
				"south": {"uv": [0, 0, 2.5, 2.5], "texture": "#0"},
				"west": {"uv": [0, 0, 2.5, 2.5], "texture": "#0"},
				"up": {"uv": [4, 0, 8, 4], "rotation": 90, "texture": "#0"},
				"down": {"uv": [4, 0, 8, 4], "rotation": 270, "texture": "#0"}
			}
		},
		{
			"name": "dx",
			"from": [0, 6, 13],
			"to": [10, 16, 13],
			"faces": {
				"north": {"uv": [0, 4, 4, 8], "texture": "#0"},
				"east": {"uv": [7, 4.5, 9.5, 7], "texture": "#0"},
				"south": {"uv": [8, 4, 12, 8], "texture": "#0"},
				"west": {"uv": [5, 4.5, 7.5, 7], "texture": "#0"},
				"up": {"uv": [4, 0, 8, 4], "texture": "#missing"},
				"down": {"uv": [0, 0, 2.5, 2.5], "texture": "#missing"}
			}
		},
		{
			"name": "sx",
			"from": [0, 6, 3],
			"to": [10, 16, 3],
			"faces": {
				"north": {"uv": [0, 4, 4, 8], "texture": "#0"},
				"east": {"uv": [0, 0, 2.5, 2.5], "texture": "#missing"},
				"south": {"uv": [8, 4, 12, 8], "texture": "#0"},
				"west": {"uv": [0, 0, 2.5, 2.5], "texture": "#missing"},
				"up": {"uv": [4, 0, 8, 4], "texture": "#missing"},
				"down": {"uv": [0, 0, 2.5, 2.5], "texture": "#missing"}
			}
		},
		{
			"name": "back",
			"from": [10, 6, 3],
			"to": [10, 16, 13],
			"faces": {
				"north": {"uv": [0, 0, 2.5, 2.5], "texture": "#missing"},
				"east": {"uv": [12, 4, 16, 8], "texture": "#0"},
				"south": {"uv": [0, 0, 2.5, 2.5], "texture": "#missing"},
				"west": {"uv": [12, 4, 16, 8], "texture": "#0"},
				"up": {"uv": [4, 0, 8, 4], "texture": "#missing"},
				"down": {"uv": [0, 0, 2.5, 2.5], "texture": "#missing"}
			}
		},
		{
			"name": "front",
			"from": [0, 6, 3],
			"to": [0, 16, 13],
			"faces": {
				"north": {"uv": [0, 0, 2.5, 2.5], "texture": "#missing"},
				"east": {"uv": [4, 4, 8, 8], "texture": "#0"},
				"south": {"uv": [0, 0, 2.5, 2.5], "texture": "#missing"},
				"west": {"uv": [4, 4, 8, 8], "texture": "#0"},
				"up": {"uv": [4, 0, 8, 4], "texture": "#missing"},
				"down": {"uv": [0, 0, 2.5, 2.5], "texture": "#missing"}
			}
		}
	],
	"display": {
		"thirdperson_righthand": {
			"rotation": [0, -90, -45],
			"scale": [0.5, 0.5, 0.5]
		},
		"thirdperson_lefthand": {
			"rotation": [0, 90, 45],
			"scale": [0.5, 0.5, 0.5]
		},
		"firstperson_righthand": {
			"rotation": [0, -73, 0],
			"translation": [0, -1.25, 1.25],
			"scale": [0.5, 0.5, 0.5]
		},
		"firstperson_lefthand": {
			"rotation": [0, 107, 0],
			"translation": [0, -1.25, 1.25],
			"scale": [0.5, 0.5, 0.5]
		},
		"ground": {
			"scale": [0.5, 0.5, 0.5]
		},
		"gui": {
			"rotation": [0, 60, 30],
			"translation": [2.5, -3, 0],
			"scale": [0.9, 0.9, 0.9]
		},
		"head": {
			"rotation": [0, -90, 0],
			"translation": [0, -4.7, 4.5],
			"scale": [1.57, 1.57, 1.57]
		},
		"fixed": {
			"rotation": [0, -90, 0],
			"translation": [0, -5.25, 3]
		}
	},
	"groups": [
		{
			"name": "Horn",
			"origin": [3.4, 20.87957, 4.08888],
			"color": 0,
			"children": [
				{
					"name": "group",
					"origin": [3.4, 20.87957, 4.08888],
					"color": 0,
					"children": [0, 1, 2, 3, 4, 5, 6, 7, 8, 9]
				},
				{
					"name": "group",
					"origin": [1.5, 18.4514, 12.82434],
					"color": 0,
					"children": [10, 11, 12, 13, 14, 15, 16, 17, 18]
				},
				19
			]
		},
		20,
		21,
		22,
		23,
		24
	]
}